name,ra,dec,gal_l,gal_b,W1mag,W2mag,Gmag,BPmag,RPmag,log(fx),P_QSO,z_phot
2CXO J000811.4+511535,2.047608038,51.25980535,116.062913,-11.034231,14.92,13.752,19.0662598,19.14428027,18.71919438,-13.2783086,0.87804878,1.3107093030068708
2CXO J001203.0+523906,3.012892963,52.65160752,116.889302,-9.757426,16.557,15.402,19.6024537,19.61298002,19.38151394,-13.9235605,0.756097561,1.996282016046419
2CXO J001210.0+502830,3.041918615,50.47504299,116.56451,-11.910565,14.84,13.684,19.337798,19.31215609,18.9767958,-13.19707193,0.87804878,0.8497421364713602
2CXO J001214.2+523009,3.059671027,52.50264081,116.894509,-9.908994,16.086,15.123,19.76742902,20.18080375,19.34961147,-14.23306052,0.756097561,1.6046823495446565
2CXO J001221.8+523520,3.091170988,52.58907602,116.92719,-9.826524,15.856,14.994,19.90854968,19.67725906,19.6761529,-13.38388784,0.804878049,1.0013644868685818
2CXO J001350.1+792651,3.45911593,79.4475687,121.142271,16.706708,15.841,14.945,18.71557164,18.85805103,18.31123828,-13.34997142,0.707317073,1.6590646323774842
2CXO J001553.1+792353,3.97139812,79.39830746,121.231764,16.644104,15.472,14.083,19.04480623,19.52209254,18.5096679,-13.82445596,0.829268293,1.666654784367022
2CXO J001717.4+791515,4.322796491,79.25436495,121.27787,16.492438,16.004,14.805,20.04805598,20.18774362,19.6577234,-13.57806753,0.56097561,1.688657263640546
2CXO J001749.9+791911,4.458092251,79.31995194,121.31321,16.553971,15.599,14.06,19.27792657,19.52751241,18.91584454,-9999.0,0.804878049,1.3642744252838606
2CXO J001910.8+791028,4.795310553,79.17471937,121.358109,16.401666,15.729,14.357,19.60420087,19.74979344,19.24017232,-13.17209235,0.804878049,1.3531866421856364
2CXO J004303.2+520442,10.76350453,52.07835428,121.620838,-10.772051,14.289,12.936,17.17275521,17.30227572,16.81068764,-12.97052524,0.780487805,1.6134596374959072
2CXO J004329.0+520547,10.87099443,52.09658757,121.688633,-10.755959,15.443,14.501,18.73289822,18.89027124,18.40048351,-14.04601149,0.56097561,1.556941886307682
2CXO J005040.6+511301,12.66956421,51.2169506,122.810455,-11.654619,15.399,14.105,18.41022737,18.61645031,18.05766091,-13.36171453,0.731707317,1.495992767915495
2CXO J005102.0+511717,12.7585256,51.28823758,122.867468,-11.583461,15.314,14.426,18.73876995,18.86324738,18.27494458,-13.98169404,0.682926829,1.6910075320894888
2CXO J005110.0+510146,12.79196478,51.02966113,122.888533,-11.842065,15.911,14.861,19.5736479,19.57525002,19.31230408,-13.28342473,0.731707317,1.2278949474737195
2CXO J005142.1+474142,12.92546612,47.69505357,122.977936,-15.176672,16.786,15.81,20.37498928,20.40158758,20.1388105,-13.26876301,0.902439024,1.447540021448871
2CXO J005150.0+472806,12.95861317,47.46831446,123.001428,-15.403381,14.665,13.576,18.32581957,18.50527911,17.98007299,-12.99666462,0.926829268,1.032092767822774
2CXO J005254.4+473526,13.22702603,47.59065162,123.188882,-15.280364,15.633,14.399,19.68157927,20.04691766,19.38413594,-13.52071879,0.902439024,1.4489652580843841
2CXO J005313.1+473443,13.30480733,47.57881989,123.243349,-15.291852,16.191,15.819,19.13676775,19.44446993,18.58765784,-14.20485217,0.536585366,2.6564320493502502
2CXO J010556.0+602237,16.48345319,60.37713696,124.723935,-2.444164,15.1,13.974,17.41963198,17.48921368,17.16337645,-13.11906767,0.585365854,1.5210907375491425
2CXO J010712.3+540928,16.80131287,54.15779409,125.265391,-8.642501,15.089,13.794,17.97369571,18.09410754,17.61203579,-13.81132083,0.512195122,1.582348264128151
2CXO J010720.8+540728,16.8368002,54.12446112,125.288474,-8.674477,15.511,14.347,19.05749961,19.26791364,18.7834646,-13.48082303,0.682926829,1.3767635201482202
2CXO J010727.3+541848,16.86368677,54.31321846,125.292383,-8.485106,16.046,14.933,19.57411389,19.52203285,19.27541672,-13.70411259,0.804878049,1.5303549661165006
2CXO J011140.8+490245,17.92023686,49.04596983,126.343602,-13.691637,13.742,13.568,19.74567878,,,-13.10419001,0.56097561,1.9058211364225999
2CXO J011142.4+493341,17.926974,49.56133094,126.305306,-13.177604,16.441,16.0,20.41892019,20.37739496,19.83140193,-14.03432925,0.804878049,2.040075979740574
2CXO J011152.0+491151,17.96716711,49.1977091,126.362429,-13.537905,16.208,15.33,20.06170978,20.15619279,19.76788504,-13.81608011,0.902439024,1.2371750740249094
2CXO J011209.8+493409,18.04105931,49.56917268,126.380388,-13.163748,16.377,15.243,20.09942266,20.10029569,19.58564598,-13.61795331,0.951219512,1.6734301020399323
2CXO J011712.0+452821,19.30024235,45.4727743,127.654376,-17.162611,16.211,15.021,19.37768013,19.48522125,19.03633177,-13.59119813,0.951219512,1.7844629712720603
2CXO J011808.4+453857,19.53540731,45.64921959,127.806009,-16.969658,15.244,14.51,20.20343883,20.52850118,19.80490602,-13.59716489,0.975609756,1.1070097045909995
2CXO J014242.4+513912,25.67669993,51.65327991,130.976332,-10.4159,15.925,14.723,19.08783237,19.27247578,18.70187139,-13.89034686,0.658536585,2.2131119054914863
2CXO J014750.6+532636,26.96107026,53.44365193,131.369308,-8.501521,14.578,13.521,19.09690869,18.96433072,18.74834196,-13.24623028,0.682926829,1.1418763696123895
2CXO J014830.4+533230,27.12707969,53.54192526,131.444791,-8.383891,15.841,15.323,19.05301794,19.32003414,18.67898588,-14.13671039,0.658536585,2.2952649259471483
2CXO J015458.4+731055,28.74400259,73.18204708,127.557294,10.883444,15.187,14.312,18.56120014,18.67757171,18.23916233,-12.96008489,0.756097561,1.4372951547059063
2CXO J015616.7+434409,29.06972453,43.73595049,135.148101,-17.592382,14.948,14.0,18.40637003,18.48390796,18.08107897,-13.12109248,1.0,1.0167414168570468
2CXO J021637.8+565559,34.15786129,56.93315268,134.391302,-4.031064,15.725,14.545,19.10902097,19.21453736,18.78227592,-13.45001539,0.609756098,1.6260389697069793
2CXO J022123.1+421722,35.34676561,42.28952238,140.194303,-17.547211,15.839,14.783,19.2674267,19.42375677,18.95799426,-13.40523669,1.0,1.3416144601211724
2CXO J022142.3+421947,35.42642168,42.32968334,140.236933,-17.488642,16.116,15.646,20.06348786,20.7045809,19.0668693,-14.16800737,0.975609756,3.4534873554601564
2CXO J022227.9+425236,35.61660553,42.87686661,140.16808,-16.927679,15.291,13.96,18.1828995,18.36092861,17.80984424,-13.37721456,0.951219512,1.7957985022207494
2CXO J022334.9+430420,35.89564795,43.07224007,140.293088,-16.671688,13.468,12.114,17.10662792,17.28103677,16.69950603,-13.24145193,0.951219512,1.6309096390549993
2CXO J022347.4+395345,35.9475991,39.89595849,141.557812,-19.612139,16.787,15.511,20.17136256,20.52375821,19.81866964,-13.64514909,0.975609756,1.4383775769427873
2CXO J022404.8+395350,36.02020739,39.89735485,141.612173,-19.590174,16.168,15.43,20.63855521,20.61137336,19.98897145,-13.45142851,0.975609756,0.8611805304847004
2CXO J022502.7+424427,36.26137702,42.74103628,140.680188,-16.881675,15.137,14.084,17.74079218,17.94792703,17.39727013,-13.40443477,0.951219512,2.558538392186335
2CXO J022656.6+491506,36.73613111,49.25177909,138.529998,-10.705708,16.142,15.335,19.50374636,20.19288595,18.92174326,-13.87715556,0.634146341,2.849974301660982
2CXO J022657.3+491310,36.73895024,49.21971662,138.543706,-10.734862,14.81,14.306,19.30737975,,,-13.74634032,0.658536585,1.9186693228015355
2CXO J022719.9+491029,36.8329352,49.1749106,138.6186,-10.753972,14.99,13.806,18.74476718,18.95729725,18.41858875,-13.65514252,0.780487805,1.2998802230321107
2CXO J022735.9+491041,36.8995975,49.17810852,138.658635,-10.734938,15.922,14.936,19.59687959,19.70076958,19.23682443,-13.48287624,0.853658537,1.5034949653635896
2CXO J023555.7+390459,38.98199545,39.08320362,144.181257,-19.438606,16.585,15.219,20.1355344,20.67208339,19.50320748,-13.15408251,0.975609756,1.7532384069798042
2CXO J023925.5+390608,39.85659787,39.10235535,144.824825,-19.135058,16.55,15.501,20.67768453,20.66376784,20.28991042,-13.69092424,0.926829268,1.4426448885075747
2CXO J023939.7+405238,39.9155895,40.87713822,144.07137,-17.510141,15.936,15.059,19.40420677,19.45009881,19.10705164,-13.42002848,1.0,1.6615521753893028
2CXO J023950.2+390709,39.95918739,39.11944693,144.893203,-19.085518,16.061,15.356,20.09585646,20.40820551,19.69501109,-9999.0,0.975609756,2.2174006619462814
2CXO J024000.3+390634,40.00171134,39.10946822,144.929267,-19.080366,15.642,14.456,18.6650434,18.68987564,18.28774017,-13.69185432,1.0,2.2427560388355396
2CXO J025330.5+413201,43.3774583,41.53387235,146.196115,-15.758099,16.101,14.895,20.10194086,20.31750179,19.69119235,-13.55352656,0.926829268,1.3517243823034946
2CXO J025403.2+414455,43.51345209,41.74887681,146.184259,-15.520559,15.34,13.98,18.40986447,18.59217505,18.00216384,-14.12250462,0.926829268,2.3630546484879504
2CXO J025422.1+414042,43.59206796,41.67859549,146.27237,-15.554866,16.848,16.168,19.76412032,19.97486177,19.2289841,-14.62277125,0.926829268,2.4478967685225514
2CXO J025425.5+510737,43.60616706,51.12720156,141.800038,-7.18286,15.835,14.707,19.50762284,19.4263605,19.20754511,-12.86801696,0.804878049,1.026151061947994
2CXO J025435.5+413546,43.64833514,41.59636838,146.351183,-15.607461,14.674,13.727,20.07280016,20.37172776,19.4558366,-13.40897663,0.707317073,0.9833585949902625
2CXO J025447.0+413004,43.69612117,41.50126965,146.430648,-15.674298,16.873,16.467,19.52571475,19.80379225,19.19652606,-13.56258418,0.804878049,3.252469895648198
2CXO J030130.4+374214,45.37697332,37.70385949,149.553772,-18.353678,16.18,15.121,19.67885922,19.82922245,19.19320723,-13.5428737,1.0,1.8910084230627842
2CXO J030143.0+375325,45.42938996,37.89024179,149.492489,-18.171835,16.502,15.552,19.73824263,19.71635946,19.39868011,-13.33269923,0.975609756,2.1865241351314286
2CXO J030215.5+355649,45.56492428,35.94700759,150.63442,-19.791081,16.803,15.606,19.7312238,19.82011409,19.38683073,-13.63986151,0.634146341,1.9999464947632146
2CXO J030314.8+433002,45.81168421,43.50083188,146.836236,-13.169154,15.934,14.887,19.15165518,19.3239672,18.75583563,-13.30865762,0.951219512,1.912596670187604
2CXO J030323.5+433234,45.84819348,43.54283328,146.838368,-13.119549,15.045,14.092,19.17241064,19.18418597,19.08865938,-12.90361503,0.926829268,1.113036028501727
2CXO J030336.4+432950,45.90204481,43.49737315,146.896385,-13.139528,15.757,14.914,19.98527073,19.97779591,19.55219314,-13.18055558,0.853658537,1.3265167029848173
2CXO J030403.8+431814,46.01624067,43.30415171,147.069307,-13.26553,17.097,16.66,19.8003115,20.18431565,19.30710975,-13.7137521,0.756097561,2.467111889720346
2CXO J030410.0+431753,46.04198953,43.29808143,147.089097,-13.261411,16.686,15.744,20.1527835,20.12599265,19.64368475,-13.57102628,0.756097561,1.970647351957232
2CXO J030526.1+351940,46.35909989,35.32801433,151.562242,-19.98734,16.31,15.162,18.99719889,18.9886314,18.61597311,-13.41226638,0.731707317,2.048740729401053
2CXO J031036.6+391747,47.65260196,39.29643288,150.289695,-16.070447,16.028,14.959,19.73422718,19.73109036,19.36265768,-13.48847058,0.804878049,1.078171569097608
2CXO J031156.5+413302,47.98560368,41.55056745,149.279885,-14.022401,15.893,15.051,18.93932099,19.11308817,18.58857412,-13.05710471,0.951219512,1.9635914516232358
2CXO J031200.8+413721,48.00349661,41.62267999,149.252372,-13.954089,16.106,15.032,20.21531271,20.0762965,19.83631118,-13.74397914,0.853658537,1.1559336541257716
2CXO J031239.7+414335,48.16545414,41.72639832,149.301643,-13.80209,17.548,16.748,20.34525835,20.28143592,19.83727968,-13.87668465,0.731707317,2.3514838350120364
2CXO J031305.6+741735,48.27337642,74.29307765,132.237809,14.03994,16.067,14.938,19.39347611,19.53813732,18.97847815,-13.72722369,0.658536585,1.3672999357126068
2CXO J031305.7+415016,48.27410317,41.83796238,149.311464,-13.664543,16.268,14.862,20.11101951,20.24376609,19.88719348,-14.29911023,0.902439024,1.1820893001951156
2CXO J031330.2+412007,48.37615819,41.33544291,149.653327,-14.049492,15.48,14.355,19.5283017,19.57979869,19.31393175,-13.37321851,0.707317073,1.0265736531859788
2CXO J031330.5+415909,48.37711108,41.98585338,149.29745,-13.498524,16.482,16.11,20.12059014,20.31652654,19.58445653,-13.93685017,0.756097561,2.4326950597051917
2CXO J031335.2+415208,48.39697549,41.8689378,149.374296,-13.589662,16.898,15.503,19.92859563,19.9932736,19.54755119,-14.18184022,0.780487805,2.1148997818254
2CXO J031338.4+415842,48.41021996,41.97838972,149.322965,-13.491752,16.616,16.479,19.71251654,20.0435053,19.11813696,-14.14489867,0.634146341,2.667348956462573
2CXO J031343.6+413134,48.43180782,41.52632662,149.58484,-13.865754,16.157,15.861,19.71911831,20.44809266,19.09364802,-13.8350396,0.731707317,3.885922512063788
2CXO J031403.4+414625,48.51442295,41.77369508,149.502721,-13.623599,15.031,14.088,19.6747924,19.75748982,19.00885879,-13.66300533,0.902439024,0.8360881551732419
2CXO J031404.4+403900,48.51843624,40.65000159,150.12511,-14.571396,15.697,14.59,19.32119691,19.425323,19.08086422,-13.1726504,0.902439024,1.1543874685421651
2CXO J031405.5+403343,48.52321566,40.56195804,150.17706,-14.643768,16.523,15.337,19.6347915,19.79119058,19.27171255,-13.0735075,0.902439024,1.6035532629424785
2CXO J031548.4+423559,48.95176791,42.59987878,149.329231,-12.752362,15.527,14.37,19.08771189,19.34810209,18.75711612,-13.4482088,0.87804878,1.246087424297788
2CXO J031627.5+424418,49.11468905,42.7384576,149.356226,-12.571087,15.641,14.597,19.89886464,19.89692709,19.55236552,-13.27941359,0.87804878,1.2106789479335023
2CXO J031646.5+415314,49.19405769,41.88749911,149.878763,-13.255316,16.999,15.841,20.15005355,20.14448849,19.77294805,-13.7483135,0.853658537,2.0842256702602966
2CXO J031649.2+403657,49.20527066,40.61585734,150.597106,-14.318542,16.153,15.014,19.62268182,19.90152316,19.13559952,-13.72445204,0.87804878,1.8595170111842747
2CXO J031653.6+415124,49.22349542,41.85670014,149.914838,-13.26932,16.235,15.157,19.18955035,19.42564667,18.78898559,-13.47413562,0.731707317,1.7686642165002104
2CXO J031653.8+403707,49.22422036,40.61883928,150.607882,-14.308209,16.876,16.527,19.84983382,20.02496816,19.33216552,-13.5712395,0.707317073,2.520682250302676
2CXO J031700.8+405239,49.25371206,40.87761585,150.481871,-14.078992,14.975,13.874,18.94769222,19.04936496,18.61152102,-9999.0,0.902439024,0.9852965519250462
2CXO J031709.3+422437,49.28887942,42.41056779,149.648516,-12.777594,16.862,15.747,20.43559404,20.65577326,19.87354751,-13.8806923,0.780487805,2.1156305696291535
2CXO J031711.4+421654,49.29747317,42.28186115,149.725547,-12.882305,16.092,15.515,20.55393369,20.3063553,19.92758312,-13.75889026,0.951219512,1.113321559592395
2CXO J031712.7+405301,49.30306175,40.88377342,150.510671,-14.053504,14.768,13.349,19.22503806,19.32965234,18.84819769,-12.77009464,0.853658537,0.7809069306446317
2CXO J031739.2+421013,49.41364923,42.17044741,149.861729,-12.929141,15.569,14.707,20.18967504,20.51979505,19.58210927,-13.3911793,0.951219512,1.0833252781990677
2CXO J031744.7+404034,49.4366017,40.67638129,150.714783,-14.172045,14.355,13.053,18.2788596,18.28775076,17.98609801,-13.23071912,0.609756098,1.0484075870690235
2CXO J031802.0+415407,49.50858924,41.90204876,150.072472,-13.115829,16.328,14.841,19.56608249,19.68521147,19.24681112,-13.17814696,0.926829268,1.4852224864830916
2CXO J031813.3+414944,49.55552041,41.8290066,150.143484,-13.157954,16.246,15.844,19.42327187,19.60072813,19.13499556,-14.30793261,0.658536585,2.3023235638044723
2CXO J031825.0+401537,49.60424597,40.26035894,151.060306,-14.449983,15.857,14.769,19.22098641,19.41183938,18.80865463,-13.23160105,0.87804878,1.3049624513444575
2CXO J031851.0+423014,49.71277595,42.50402147,149.86525,-12.528953,16.495,15.446,19.63435942,19.53126026,19.54647539,-13.31495722,0.829268293,1.3770919183423833
2CXO J031909.3+411429,49.78893566,41.24145677,150.624679,-13.553618,16.032,15.216,18.74688075,18.85151411,18.46927946,-13.63712911,0.609756098,2.403732788921286
2CXO J031925.0+414026,49.85444435,41.67399158,150.422299,-13.165383,16.343,15.219,19.85466767,19.99234257,19.37158291,-13.70294767,0.780487805,1.5136528474816204
2CXO J032053.4+403300,50.2228446,40.55027384,151.299659,-13.947894,15.723,15.062,19.66462939,19.93606253,19.20257689,-12.94415104,0.951219512,1.5765876684635973
2CXO J032110.7+412944,50.29547479,41.49619835,150.805522,-13.131198,16.756,16.001,19.86572213,19.98868886,19.49313935,-13.56127731,0.902439024,2.0419806633650537
2CXO J032116.0+411243,50.31708285,41.21220515,150.981565,-13.358246,15.821,14.733,19.5062465,19.64201909,18.97515213,-13.753096,0.87804878,1.465642407793331
2CXO J032133.7+411534,50.39054655,41.25968892,151.001561,-13.288046,15.777,14.655,19.62194842,19.7126331,19.34549754,-13.64878444,0.926829268,1.182464867018406
2CXO J032137.0+420923,50.40425303,42.15640532,150.498467,-12.537217,16.51,15.591,19.71531288,19.93728127,19.42800899,-13.53762027,0.926829268,2.565076397698976
2CXO J032139.7+411353,50.41546801,41.23139225,151.033752,-13.3011,17.422,15.943,20.46790408,20.72941654,19.85994612,-14.08153747,0.756097561,2.0497618532078192
2CXO J032150.9+424629,50.46246782,42.77489314,150.183485,-11.999036,16.726,15.42,19.77656092,20.13295332,19.32912537,-13.37237436,0.87804878,1.8613134676709102
2CXO J032156.3+413622,50.48480479,41.60635342,150.863429,-12.960825,16.262,15.056,19.70663436,19.73221464,19.43989522,-13.62155852,0.926829268,1.2855572734409375
2CXO J032210.4+413143,50.54365452,41.52862425,150.945433,-13.000764,16.85,16.143,19.76988154,19.96043405,19.60305404,-14.01193494,0.829268293,2.32441679561341
2CXO J032212.5+400828,50.55223268,40.14122116,151.749905,-14.146812,16.026,14.886,18.98582956,19.16747371,18.61432872,-13.57376391,0.707317073,1.9918934178276866
2CXO J032213.0+473406,50.55444631,47.5684936,147.550504,-7.966468,17.01,15.826,19.35771546,19.15706434,19.08079546,-13.95666655,0.585365854,2.0966581241302125
2CXO J032213.3+415030,50.55566902,41.84171709,150.773815,-12.73597,16.925,15.471,19.83577541,20.06090182,19.50604203,-13.43890805,0.926829268,1.4844084091842151
2CXO J032214.5+422341,50.56056309,42.39486237,150.46105,-12.274724,15.445,14.287,18.97977755,19.11158835,18.64119525,-13.03790908,0.902439024,1.0865263050875427
2CXO J032233.0+413107,50.63771156,41.51873465,151.01103,-12.969605,16.832,15.732,19.54897896,19.74076818,19.18741128,-14.4277578,0.707317073,2.3106616322061226
2CXO J032334.8+414756,50.89537964,41.79892177,151.013377,-12.629666,14.617,13.413,17.626528,17.77170498,17.30002033,-12.82069864,0.87804878,1.4316057959888582
2CXO J033013.5+434625,52.55655868,43.77360771,150.887378,-10.312375,15.912,15.244,19.15342433,19.26744659,18.79986688,-13.87564269,0.658536585,2.410206439794032
2CXO J032344.0+405923,50.93335805,40.98981595,151.504917,-13.282353,15.251,14.028,19.98044915,20.12715811,19.45472485,-13.79040054,0.853658537,1.506445872700134
2CXO J032358.7+413640,50.99479233,41.61112464,151.184587,-12.743144,15.934,14.966,19.06401401,19.25529248,18.64999342,-13.6029044,0.731707317,2.052296939815921
2CXO J032421.2+402242,51.08864571,40.37833385,151.960371,-13.720128,16.943,15.983,19.97775821,20.13467485,19.48202708,-13.68183595,0.829268293,2.051071886116812
2CXO J032423.8+403228,51.09938898,40.54133579,151.872224,-13.581205,16.733,16.597,19.82973327,19.96508653,19.43979888,-14.06145272,0.585365854,2.3817770570987697
2CXO J032444.3+402959,51.18466053,40.49978362,151.951391,-13.578656,14.894,13.871,19.75297284,20.50830179,18.91181828,-13.25582006,0.804878049,1.3166920873469081
2CXO J032446.0+402912,51.1918329,40.48676977,151.963613,-13.586272,16.875,15.528,19.69370284,19.83100579,19.24612128,-14.04087165,0.731707317,2.0937716031723235
2CXO J032632.5+413604,51.63563828,41.60118466,151.59477,-12.479553,15.761,14.64,19.53081604,19.63542173,19.30713454,-12.86149002,0.951219512,1.0562232792604866
2CXO J032720.9+412349,51.83727626,41.39696043,151.841345,-12.560624,15.792,14.46,19.3322025,19.45141315,18.96630569,-13.39286623,0.902439024,1.3157484865114941
2CXO J032921.3+394846,52.33903904,39.81295967,153.100384,-13.633199,16.571,15.653,20.30834465,20.87439452,19.87202539,-13.94419032,0.804878049,1.4961721437906073
2CXO J033620.0+745453,54.08339799,74.91489687,133.180591,15.429842,16.664,15.775,19.75983398,19.8912005,19.56143751,-13.24304656,0.536585366,1.5181314007215898
2CXO J034840.0+335515,57.1666539,33.92094011,159.995094,-15.904067,15.974,14.585,19.53558888,19.81120802,19.28086541,-13.34287159,0.87804878,1.4561713704693162
2CXO J034904.4+335414,57.26844706,33.90383889,160.073572,-15.862457,16.581,15.309,19.60155398,19.6153222,19.32227781,-13.48462998,0.707317073,1.7147418577383897
2CXO J035724.1+321706,59.35041856,32.28511524,162.546719,-15.929002,17.023,15.964,19.96798051,20.09187485,19.57914359,-13.74769431,0.780487805,2.0808822722554665
2CXO J040124.5+714042,60.3523718,71.67851586,136.756372,14.11305,16.031,14.818,19.16887002,19.37647213,18.79630668,-13.58659302,0.707317073,1.8243186421649806
2CXO J040200.6+261635,60.50269159,26.27658596,167.636479,-19.621085,16.054,14.735,19.94773497,20.01763009,19.56630124,-9999.0,0.902439024,1.4987768613428218
2CXO J040239.4+260839,60.66434333,26.1442459,167.84479,-19.614322,16.309,15.383,20.31262247,20.14609798,20.04842209,-13.65674271,0.951219512,1.2688824334367539
2CXO J040253.5+261705,60.72333184,26.28494406,167.780383,-19.476799,15.89,14.574,18.76467785,18.93796556,18.44410656,-13.43028277,0.926829268,2.078688645158602
2CXO J040259.0+714404,60.74630943,71.73456839,136.810775,14.238146,16.446,15.334,19.7566512,19.68463581,19.43553515,-13.42859928,0.804878049,1.915579672022783
2CXO J040332.7+714752,60.88666349,71.79790456,136.799344,14.314418,15.546,14.663,19.81984256,20.03209812,19.21806231,-9999.0,0.853658537,1.5334800167815172
2CXO J040353.1+261646,60.97157035,26.27938599,167.952786,-19.32472,16.499,15.111,19.66317765,19.83666843,19.16052782,-13.48896083,0.804878049,1.7597372786563272
2CXO J040652.5+272411,61.7188587,27.40307095,167.618468,-18.057065,14.609,13.652,19.23361847,19.16691661,18.42655594,-12.73287169,0.87804878,0.9897541441127826
2CXO J040754.5+622822,61.97722839,62.47291104,143.582048,7.767219,14.574,13.718,17.52492165,17.57139873,17.44226198,-12.620876,0.634146341,1.0101201474199042
2CXO J041346.3+264736,63.44328165,26.7933693,169.205036,-17.390424,16.244,15.077,19.39616751,19.38588496,19.05627124,-13.5381293,0.87804878,1.456674182233169
2CXO J041521.2+234604,63.83873311,23.76798379,171.778483,-19.210278,14.82,13.68,17.6800539,17.89903954,17.24917156,-14.14018994,0.658536585,1.8954760763718264
2CXO J041522.1+234438,63.84223552,23.74406018,171.799347,-19.224223,16.434,15.254,19.71672122,19.59964822,19.40330278,-14.03025638,0.512195122,1.7561282526827053
2CXO J042423.2+752318,66.09704851,75.38850376,135.191389,17.870512,16.741,15.462,20.28270757,20.3097922,19.63478269,-13.60963937,0.951219512,1.9971061692089114
2CXO J042500.0+752212,66.25028779,75.3701861,135.232709,17.887402,16.8,15.988,20.27383146,20.23865258,19.64313513,-13.89564634,0.951219512,1.3187475345696487
2CXO J042649.2+255611,66.70544799,25.93634784,171.933022,-15.827235,15.071,13.841,17.837052,17.85037184,17.71804194,-12.82047068,0.756097561,1.5916357404941217
2CXO J043325.8+692809,68.3575886,69.46939379,140.300484,14.490742,15.238,13.827,18.85037811,19.02235542,18.52795961,-13.23533184,0.756097561,1.2939383090279728
2CXO J043329.2+174719,68.37170283,17.78882233,179.519636,-19.909603,14.583,13.238,17.85047155,17.95206955,17.53277437,-12.92373121,0.829268293,1.1560494182639882
2CXO J043338.8+174950,68.41190808,17.83075412,179.510304,-19.853509,15.14,13.902,18.22365143,18.5208395,17.82337871,-12.72219289,0.804878049,1.6590879634218283
2CXO J043427.3+731729,68.61415156,73.29145231,137.323591,17.022171,16.995,15.989,19.88079329,20.13644094,19.47438878,-13.58368407,0.804878049,2.1008295114209457
2CXO J043453.7+732342,68.72393162,73.39524506,137.260977,17.112617,16.541,15.417,19.66520158,19.8392564,19.29826197,-13.53306811,0.951219512,1.7120361241603477
2CXO J043718.2+293632,69.32621128,29.60912077,170.662763,-11.662968,14.093,12.827,18.09574416,17.77420338,17.8139647,-13.64426898,0.536585366,1.345689226209181
2CXO J044055.2+681546,70.23002972,68.26291894,141.702081,14.231231,16.303,15.343,19.80957228,20.07130564,19.48144917,-13.86721556,0.804878049,1.6463532849127203
2CXO J045651.0+682119,74.21303198,68.35558709,142.555449,15.453727,15.907,14.852,19.78547884,19.87885848,19.36921528,-13.12860658,0.731707317,0.9072612545310033
2CXO J045700.4+535821,74.25181894,53.97267208,154.264678,6.784236,15.374,14.577,18.92260481,19.06043417,18.61667777,-13.32638757,0.512195122,1.673829609434458
2CXO J050301.7+175748,75.75719517,17.96336787,183.792277,-14.185796,15.08,13.992,19.35458048,19.25459592,18.9136685,-13.59956426,0.682926829,0.9554800358212928
2CXO J050710.8+260213,76.79535793,26.03704107,177.670025,-8.696391,13.811,12.711,18.16137458,18.16319744,17.72326292,-12.77318983,0.756097561,1.0888847837605844
2CXO J050749.5+301926,76.95640057,30.32391424,174.266882,-6.048955,16.752,15.928,19.31660594,19.23525149,18.93865799,-13.43691279,0.634146341,2.145182723144554
2CXO J050751.0+303618,76.96284761,30.60524779,174.042504,-5.877555,15.631,14.63,19.26095987,19.10898803,18.96978467,-12.54460586,0.804878049,0.9073829219936647
2CXO J050807.3+303531,77.03071349,30.59204227,174.088026,-5.838361,14.438,13.617,19.4408124,19.58691032,18.39097699,-12.66179578,0.780487805,1.1947875828469277
2CXO J051216.2+603243,78.06780657,60.5453626,150.1227,12.329619,16.701,15.746,19.40096081,19.35279861,19.12019273,-14.25417427,0.512195122,2.319710163477429
2CXO J051631.2+062310,79.13017271,6.386126173,195.747687,-17.770492,15.415,14.336,18.24439279,18.45455925,17.86897288,-12.89312302,0.926829268,1.4392272537934858
2CXO J051632.3+063059,79.13504346,6.516613472,195.633129,-17.698766,16.864,15.992,20.26201228,20.31772221,20.11108013,-14.16413497,0.87804878,1.7392795788747069
2CXO J051727.2+162857,79.363347,16.48247959,187.04143,-12.173522,14.917,14.132,19.47620283,19.61492968,18.97048496,-12.88894918,0.902439024,0.6452925358035406
2CXO J051926.8+505917,79.86204074,50.98825034,158.723493,7.783547,16.753,15.893,19.60953619,19.7317168,19.02928293,-13.89285405,0.512195122,2.945060529096633
2CXO J052114.3+163124,80.30968305,16.52360988,187.513858,-11.391794,15.777,14.68,19.25005206,19.32367334,18.90792817,-12.60620523,0.87804878,1.0362226995710169
2CXO J052409.4+020149,81.03952254,2.030567593,200.71294,-18.326789,16.737,15.641,20.23302207,20.25523964,19.78650322,-13.34018571,0.853658537,1.699059614991624
2CXO J052526.6+281546,81.36111977,28.26288168,178.177291,-4.092017,14.179,13.137,17.52027933,17.39422785,17.37086347,-12.48020321,0.731707317,1.3956950599316695
2CXO J052556.7+014049,81.48662488,1.680491664,201.264988,-18.109363,16.862,15.781,20.26872414,20.3724524,20.04020289,-14.17772692,0.902439024,1.8999015994833324
2CXO J052642.4+013929,81.67685215,1.658264003,201.383206,-17.9544,16.516,15.761,20.27881327,20.19422352,19.73204533,-13.21507712,0.975609756,1.247181172516853
2CXO J052737.5+012719,81.9066594,1.455285604,201.687218,-17.85299,15.263,14.388,20.37697828,20.30093534,19.7819777,-12.62624397,0.951219512,0.8184718740181586
2CXO J053120.0+062458,82.83366001,6.416446741,197.676922,-14.59018,16.109,14.933,19.87680783,19.8767896,19.29248739,-13.84693331,0.536585366,1.4404293285478955
2CXO J053120.1+062615,82.83375742,6.437854852,197.65786,-14.579318,15.839,14.608,19.08117113,19.10666494,18.85546081,-13.85373158,0.658536585,1.9602452169386606
2CXO J053139.9+111759,82.91656937,11.29994105,193.405832,-12.024389,15.25,14.114,20.06814526,20.08722386,19.41612226,-13.41228181,0.707317073,0.8385303335479805
2CXO J053248.0+111350,83.20005351,11.23072888,193.613352,-11.82225,14.115,13.015,18.23373165,18.20006321,17.8249081,-13.39048228,0.658536585,0.8328955543185187
2CXO J053438.3+500556,83.6599026,50.0991734,160.803792,9.326902,14.43,13.319,18.81803614,18.82352101,18.32988124,-13.69848693,0.658536585,0.9191123042318954
2CXO J053454.0+220658,83.72520211,22.11623421,184.516954,-5.657802,15.481,14.769,18.73477105,18.66349674,18.35848526,-13.10926981,0.512195122,1.3831545654045467
2CXO J053738.0+210338,84.40834144,21.06070651,185.754729,-5.681623,15.448,14.426,19.35741031,19.30869133,18.67239318,-13.75761291,0.512195122,1.3155518220109823
2CXO J053941.2-032735,84.92189483,-3.459686061,207.729215,-17.524681,17.202,16.125,19.47724657,19.44854484,18.8721578,-13.59791258,0.609756098,2.043936080226256
2CXO J054020.0+692712,85.08367629,69.4535508,143.679828,19.366983,16.784,15.601,19.81661256,19.90090281,19.58814989,-13.71330601,0.87804878,1.737783725099427
2CXO J054029.9+693151,85.12459542,69.53086802,143.612845,19.413795,16.933,16.098,20.1968188,20.13105598,19.91482959,-13.53953839,0.731707317,2.096968055110133
2CXO J054035.7+701411,85.14893308,70.23647594,142.94293,19.729276,16.137,14.776,19.35567829,19.62314228,18.95065494,-13.62064731,1.0,1.674270560234839
2CXO J054052.7+692133,85.2199174,69.359356,143.791836,19.368734,16.009,14.827,19.56593281,19.74132358,19.02842867,-13.85187328,0.975609756,1.7670308613462664
2CXO J054105.0+691040,85.2710137,69.17789008,143.973119,19.305513,16.715,15.525,20.40855526,20.39218212,19.78869924,-13.93981557,0.926829268,1.9324943640893102
2CXO J054125.5+692732,85.35627338,69.45891169,143.719082,19.455352,17.011,15.502,20.29470859,20.2565142,19.87387698,-9999.0,0.902439024,2.14919619544353
2CXO J054126.2+702402,85.35924642,70.40074029,142.818095,19.864197,17.215,16.338,20.30600123,20.26982261,19.72930848,-13.79988194,0.975609756,2.9237346277520375
2CXO J054130.2+691714,85.37587277,69.28745326,143.885903,19.386843,16.56,16.105,20.18909567,20.12750044,19.62114407,-13.89382643,0.780487805,2.6361437628564666
2CXO J054149.9+701753,85.45822084,70.29826358,142.931675,19.850149,13.995,13.29,18.41980791,18.521722,18.04991594,-13.91449206,0.87804878,1.0859980624026402
2CXO J054156.0+702052,85.48376657,70.34804831,142.887801,19.879301,16.506,15.406,20.43999517,20.45926004,20.07175639,-14.05370309,0.902439024,1.4325485599085863
2CXO J054252.0+692034,85.71661935,69.34289374,143.888269,19.51934,16.761,15.693,19.54587759,19.70042516,19.21380217,-13.94744649,0.780487805,2.5622309761137263
2CXO J054259.2+693137,85.74698938,69.52707809,143.716706,19.608246,16.391,15.366,20.40327967,20.33161926,19.74247889,-13.64999601,0.902439024,1.1398210762391887
2CXO J054456.2+692637,86.23436046,69.44375432,143.874107,19.727182,17.198,16.024,20.44823255,20.51663992,19.92386272,-9999.0,0.902439024,2.1222516104281284
2CXO J055213.6+024209,88.05688996,2.702725886,203.620909,-11.866276,14.941,13.791,17.8756278,17.67135338,17.61327308,-13.15299664,0.682926829,1.6060146293995856
2CXO J055231.2+293742,88.13013455,29.62835912,180.181164,1.646312,13.985,13.183,18.4221992,18.25745194,17.99131466,-12.34145435,0.658536585,0.7012834579105093
2CXO J055527.7+464936,88.86553354,46.82663425,165.432721,10.678049,15.759,14.679,19.05178455,19.15789567,18.85573886,-13.48397515,0.853658537,1.5486640362655175
2CXO J055537.9+032313,88.90823323,3.387087375,203.420231,-10.792793,14.673,13.568,18.22430941,18.30456476,17.86864357,-13.52453069,0.512195122,1.3444361823798006
2CXO J055612.9+460817,89.05404464,46.13806438,166.111313,10.4636,16.827,15.815,19.98968937,20.26949552,19.78688802,-13.96660686,0.634146341,1.9878790839488358
2CXO J055720.0+460900,89.33338928,46.15018217,166.1941,10.639617,15.705,15.291,20.15263422,19.87337943,19.35297101,-12.90118151,0.87804878,1.34459866230081
2CXO J060217.5+494745,90.573245,49.79603064,163.283754,13.062148,15.983,15.045,19.70857285,19.56207282,19.45211402,-13.27544856,0.853658537,0.9811299411758085
2CXO J060356.4+421928,90.98525308,42.32451113,170.190188,9.882777,16.442,15.157,19.9012646,20.30319365,19.63762978,-13.92458917,0.585365854,1.4611942899823385
2CXO J060729.7+243439,91.87376786,24.57768537,186.222025,2.029955,14.857,13.832,18.80916445,18.33075663,18.66136506,-12.81550784,0.634146341,1.3118537262219438
2CXO J060736.3-213922,91.90159006,-21.65613503,228.129918,-18.996388,16.031,15.216,20.12013737,20.24455204,19.71593898,-13.34773886,0.975609756,1.159824532291419
2CXO J060800.1-214726,92.00050303,-21.79075224,228.298599,-18.962897,15.471,14.368,19.93015853,19.95685884,19.55970008,-13.31083817,0.926829268,0.858143572847619
2CXO J061021.3+223212,92.58897964,22.53674405,188.326427,1.616209,14.363,13.174,18.14372024,17.52150744,18.20892561,-13.0382632,0.56097561,1.0594701756837186
2CXO J061227.3+372816,93.11385956,37.47133962,175.317294,9.081441,14.676,13.803,18.58300456,18.67380571,18.32537774,-12.53053171,0.853658537,0.924190654065299
2CXO J061606.5-220606,94.02727573,-22.10182358,229.36293,-17.347964,15.684,14.745,19.9423267,20.02809836,19.51828911,-12.93193903,0.951219512,0.9124670756794593
2CXO J061608.1-213011,94.03378854,-21.50302302,228.788149,-17.108783,14.42,13.112,19.60024764,19.9787461,18.94013012,-13.43075088,0.926829268,1.1002894291920264
2CXO J061614.2-215127,94.05921197,-21.85755263,229.13937,-17.225573,15.807,14.943,18.90599844,19.00787775,18.59202278,-13.2498767,0.87804878,2.3326900939355557
2CXO J061617.6-220649,94.07334344,-22.11370167,229.391778,-17.31326,16.183,15.452,20.48463637,20.29898984,19.97008272,-13.56710361,0.926829268,1.0865490181660666
2CXO J061637.5-211147,94.15658695,-21.19649621,228.540276,-16.883287,16.391,15.265,19.94025303,20.03695943,19.57084016,-9999.0,0.902439024,1.7538914871788307
2CXO J061640.3-215410,94.16807363,-21.90287267,229.224303,-17.150239,16.929,16.06,20.5411293,20.59831595,20.09695928,-14.04100754,0.926829268,2.0291280661783078
2CXO J061643.7-213730,94.18227322,-21.62515705,228.962271,-17.029538,15.65,14.322,19.30166215,19.45139902,18.89327831,-13.5371229,0.951219512,1.4467555052385952
2CXO J061657.0-212107,94.23775935,-21.35206077,228.720831,-16.87491,15.667,14.654,19.45028807,19.55671274,19.20111692,-13.30462793,0.87804878,1.0272799910525463
2CXO J062141.0+143212,95.42098385,14.53693241,196.639814,0.167468,15.068,13.967,17.68345319,17.87563984,17.54810118,-12.87621753,0.512195122,1.8239395161913257
2CXO J062146.9-271536,95.44557964,-27.26003846,234.886423,-18.115902,15.65,16.227,20.60859857,20.98963926,19.59023643,-14.3492888,0.609756098,2.697984734298485
2CXO J062155.6-270742,95.48177985,-27.12851754,234.770563,-18.03714,15.387,13.996,19.06648885,19.33072494,18.6661983,-13.23631359,0.975609756,1.3374972665615406
2CXO J062158.3-002536,95.49324523,-0.426872205,209.940206,-6.747869,13.954,12.835,18.50189947,18.50893954,18.01510994,-13.0007004,0.707317073,0.7381570818418213
2CXO J062220.0-002541,95.58366556,-0.428392762,209.983288,-6.668201,15.194,14.003,18.14297879,18.17559739,17.84966084,-13.14438588,0.585365854,1.4142839220712853
2CXO J062251.0+515019,95.71267556,51.83886976,162.770493,16.864831,16.378,15.457,19.59485523,19.87870196,18.94873415,-13.82261149,0.731707317,2.2199526883694802
2CXO J062258.1-001100,95.74237333,-0.183513011,209.837443,-6.414905,14.049,13.061,18.3391372,18.42053251,17.92107034,-12.81569252,0.634146341,0.7728124001181567
2CXO J062635.8-050403,96.64924914,-5.067544014,214.637051,-7.82668,16.115,15.065,19.28074064,19.11412885,19.16077067,-13.48151872,0.512195122,1.4335640667048213
2CXO J062659.7-352937,96.74879745,-35.49360174,243.450525,-19.991707,15.62,14.678,20.36143528,20.50997362,19.56341387,-13.8246948,0.902439024,1.6354637648742463
2CXO J062711.3-353148,96.79718397,-35.53015213,243.501253,-19.966922,16.69,15.455,20.43793095,20.63012783,20.25667682,-14.08303148,0.731707317,1.6468076483934002
2CXO J062719.7-352545,96.83227051,-35.42937241,243.410571,-19.906048,15.259,14.121,19.26777363,19.37729565,19.0873637,-13.57094342,0.902439024,1.6850338321245075
2CXO J062847.1-044441,97.19650181,-4.744726287,214.59397,-7.194476,15.051,13.926,18.42341153,18.43959462,18.16864957,-12.55187869,0.731707317,1.6043916299554146
2CXO J062853.9-311140,97.22487664,-31.19451568,239.336694,-18.114853,15.841,14.543,19.03878701,19.20389015,18.80711144,-13.80842154,0.951219512,2.251911137344452
2CXO J062854.9+282423,97.22889123,28.40655852,185.069398,8.054573,16.374,15.2,19.69601806,19.6680114,19.64953586,-13.31611054,0.780487805,1.5403938828193544
2CXO J062907.6+282017,97.28195934,28.33830282,185.152143,8.065839,14.402,13.03,18.041261,18.17657079,17.79149411,-12.97527573,0.756097561,1.1473587882408958
2CXO J062913.6+282133,97.30675273,28.35936521,185.142955,8.094769,15.501,14.542,19.07502845,19.09540505,18.5977874,-13.54284288,0.756097561,1.4190414627768544
2CXO J062928.3-044626,97.3681378,-4.77394842,214.697951,-7.054962,16.188,15.149,19.38147716,19.48904475,19.25800989,-13.2737343,0.731707317,1.55830596271037
2CXO J062930.6-311029,97.37751684,-31.17490878,239.367384,-17.98607,17.05,16.124,19.97980882,20.35062004,19.50777747,-13.11382441,0.975609756,2.036883653893921
2CXO J062933.1-044901,97.38811352,-4.816987395,214.745704,-7.05659,13.104,11.829,16.74062381,16.65130044,16.64062432,-12.86618172,0.731707317,1.210214825619999
2CXO J062946.2-311840,97.44284068,-31.31116074,239.522181,-17.983614,15.866,14.68,19.68791298,19.95356098,19.10251773,-13.78515158,0.951219512,1.6816700479324707
2CXO J062954.7-283917,97.4778826,-28.65489829,236.946893,-16.972146,16.869,15.783,19.79957013,19.9695042,19.38364675,-13.80033011,0.975609756,2.0683830454233383
2CXO J063049.9-284224,97.70789383,-28.70695444,237.076803,-16.804883,15.909,15.499,20.19221561,20.32390553,19.95032889,-13.4607564,0.87804878,1.7589513921151048
2CXO J063219.2-353651,98.0802087,-35.61429609,243.963253,-19.014835,16.259,15.215,20.45730787,20.39389913,19.96792278,-13.87329498,0.853658537,1.8189556705342482
2CXO J063734.8+474446,99.39525229,47.74611612,167.673431,17.538438,16.849,16.135,19.9321959,20.25548505,19.41874509,-13.85789194,0.804878049,2.564315910268225
2CXO J063813.3+475252,99.55561697,47.88112174,167.582313,17.687708,16.613,15.184,19.84568953,19.98504224,19.60378639,-13.79751324,0.829268293,1.3933945280803224
2CXO J063827.0+474737,99.61265134,47.79351858,167.682569,17.691803,16.399,15.146,20.52210863,20.85159631,19.84238706,-13.52775958,0.853658537,1.2509142054906652
2CXO J064041.7+154024,100.1738509,15.67352667,197.748442,4.763094,15.945,14.729,19.20131032,19.33418103,18.97764889,-13.95651522,0.658536585,1.5132788163748971
2CXO J064113.8-432101,100.307697,-43.35036418,252.306718,-19.988239,16.533,15.636,19.50777799,19.62090334,19.11121728,-13.53110158,0.926829268,2.2454978806530503
2CXO J064124.9-432151,100.3543146,-43.36433515,252.332468,-19.960701,16.555,15.561,19.73863003,19.94003742,19.43186832,-13.45052979,0.951219512,1.5733499510050617
2CXO J064220.3+232220,100.5848402,23.37242031,190.980558,8.538083,16.481,15.103,19.77741883,19.94982901,19.52696361,-13.57809526,0.829268293,1.8912116110405846
2CXO J064232.5+232549,100.6354409,23.4305383,190.948233,8.605258,14.839,13.911,19.15421587,19.26639113,18.8802858,-13.10214062,0.829268293,0.867983372019373
2CXO J064259.5-272953,100.748124,-27.49830782,237.005534,-13.864253,17.178,16.005,20.37237767,20.38357741,19.99460891,-14.04052587,0.756097561,2.1294976914640835
2CXO J064259.7+231634,100.7487333,23.27632836,191.134492,8.631442,15.698,14.872,19.97763791,19.68589011,19.63230549,-13.30447426,0.658536585,0.9790884328962687
2CXO J064316.9+232413,100.8206652,23.40377254,191.047655,8.746488,16.644,15.279,19.94325823,19.90442201,19.81224149,-13.44258781,0.780487805,1.5735460173167215
2CXO J064515.9+212449,101.3163258,21.41389016,193.059928,8.289107,12.312,11.086,17.11049771,17.22342654,16.66642789,-13.21968819,0.780487805,0.7452636049239387
2CXO J064939.2+175843,102.4136645,17.97872959,196.634781,7.70999,15.726,14.442,20.12426228,20.39452916,19.48526259,-14.05773394,0.707317073,1.5305090665945928
2CXO J064946.0+180805,102.442069,18.13473417,196.505349,7.80283,14.756,13.641,19.79983005,19.93480076,19.01813228,-13.32247857,0.609756098,0.6964048586263499
2CXO J065045.5+412241,102.6899474,41.37825606,174.786443,17.424071,16.381,15.392,19.19272339,19.43286295,18.8458263,-13.65808418,0.780487805,2.486487272950059
2CXO J065054.8+413321,102.7284973,41.55604491,174.623438,17.514996,15.657,14.764,19.64960117,19.79815161,19.29946012,-13.37333414,0.926829268,1.1590254887427396
2CXO J065110.5+450542,102.7938171,45.09520141,171.151967,18.798717,15.737,14.644,18.30290856,18.48377967,17.93664415,-13.6757615,0.707317073,2.6601195645750892
2CXO J065403.9-283304,103.5165745,-28.55136514,239.014553,-12.062028,16.168,15.334,19.43652943,19.47151972,19.29560645,-13.80910824,0.707317073,2.1172014698212664
2CXO J065553.9+400025,103.9747315,40.0070286,176.495709,17.843127,17.23,16.423,20.20017068,20.25111276,19.94918109,-13.96850772,0.975609756,2.1514180504088816
2CXO J065637.6-223007,104.1569705,-22.50210572,233.693924,-8.968693,14.646,13.49,19.31034606,19.33639462,18.74130797,-13.23284673,0.731707317,0.7302121665444757
2CXO J065939.4+140926,104.9145472,14.15722178,201.166717,8.190902,15.737,15.104,19.85473655,19.93290128,19.29647475,-9999.0,0.707317073,1.517351821119823
2CXO J065950.6+142201,104.9612236,14.36702033,200.996238,8.323559,17.126,16.287,20.11647375,19.87208803,19.70948778,-9999.0,0.756097561,2.602823741231836
2CXO J070216.3+251750,105.5678231,25.29732076,191.153,13.466086,14.876,13.849,18.12554349,18.34066306,17.7683631,-12.93483,0.975609756,1.6068397405808483
2CXO J070217.7+251631,105.5737129,25.27521029,191.176003,13.461989,15.719,14.729,20.25703549,20.05177106,19.8310691,-13.15534212,1.0,0.8593873961849632
2CXO J070256.0+380524,105.7334068,38.09014133,178.889748,18.446345,14.782,13.663,18.34752341,18.47059416,18.07364165,-13.14326163,0.975609756,1.2380777982818867
2CXO J070341.2-482042,105.9218264,-48.34531948,258.676047,-18.004648,16.59,15.768,19.74264944,19.81138293,19.40195424,-12.99423251,0.902439024,1.5675209893672684
2CXO J070417.3-482847,106.072421,-48.47992591,258.845734,-17.959247,15.576,14.917,20.17404451,19.99887838,19.78137981,-13.50840582,0.951219512,1.386681961971216
2CXO J070448.2-482354,106.201171,-48.39859236,258.79805,-17.85038,15.357,14.328,19.17284824,19.34732284,18.59743317,-12.89520047,0.926829268,1.8315984225224093
2CXO J070654.8-552202,106.7282752,-55.36711122,265.833388,-19.941543,15.211,14.592,20.26119751,20.04441355,18.81216735,-13.34310116,0.682926829,1.4905842436372203
2CXO J070726.1-553448,106.8589209,-55.58004653,266.073211,-19.941541,15.142,14.21,19.87278084,19.60009686,18.93961421,-13.09214687,0.780487805,1.2936069727865762
2CXO J070752.2-552742,106.9675449,-55.46149092,265.975739,-19.844401,16.179,15.311,19.7154529,19.84404762,19.12288895,-13.39121,0.87804878,2.0017935568220095
2CXO J070912.3-004625,107.3012994,-0.773723608,215.650063,3.598417,14.243,13.155,18.31634396,18.33508978,18.11848135,-12.50505643,0.756097561,0.864798773394177
2CXO J071019.7-562504,107.5823778,-56.41795974,267.056418,-19.83697,13.853,13.191,19.26588968,19.07608731,18.1200415,-12.64363608,0.853658537,0.9986076390047226
2CXO J071033.1-561125,107.6380534,-56.19048688,266.839524,-19.731877,16.468,15.277,20.2167896,20.18399147,19.71781893,-13.93216635,0.585365854,1.8815990784792942
2CXO J071046.6-561938,107.6945603,-56.32735262,266.987704,-19.748151,15.791,14.95,19.69845417,20.12086059,18.95156305,-13.98560539,0.829268293,2.617890656506154
2CXO J071126.4+195218,107.8602522,19.8716686,197.130243,13.176743,15.327,14.587,19.50983529,19.64740799,18.98774282,-13.70097004,1.0,1.9237711657329415
2CXO J071241.9-431447,108.1746441,-43.24662178,254.381421,-14.617218,16.022,14.876,19.52891595,19.76609599,19.31778481,-13.55988129,0.926829268,1.6062888065863075
2CXO J071243.1-431911,108.1797821,-43.31984101,254.452279,-14.643191,15.831,14.868,20.18562597,20.21081831,19.49994577,-13.19380848,0.975609756,1.2106877217425298
2CXO J071315.2-431253,108.313385,-43.21495985,254.393497,-14.511936,16.108,15.034,19.98761591,20.26120207,19.60376059,-13.83618239,0.658536585,1.838796955434128
2CXO J071359.7-431707,108.4991385,-43.2854861,254.516559,-14.416647,13.519,12.617,18.33568408,18.09281932,17.36559016,-12.44459424,0.804878049,0.43879366208340037
2CXO J071556.3+053055,108.9847142,5.515256852,210.78462,7.952311,16.295,15.542,20.05551958,20.04507243,19.82713397,-13.97282962,0.804878049,1.8952750399978169
2CXO J071602.4+054158,109.0101031,5.69953675,210.629782,8.057609,16.768,15.665,19.59242779,19.73540257,19.24194204,-13.76806124,0.512195122,2.4127559784992383
2CXO J071948.3+175949,109.951413,17.99698864,199.727926,14.204725,15.143,13.972,19.07578525,18.86308176,18.85549065,-12.905758,0.902439024,0.9711690631505195
2CXO J072126.9+274126,110.362392,27.69076054,190.586823,18.348562,15.775,15.189,20.0723582,20.43175242,19.64732798,-13.25220692,0.975609756,1.2628335918717446
2CXO J072139.4+084024,110.4142282,8.673457232,208.55848,10.628214,13.598,12.538,18.06262131,18.15651064,17.46275476,-12.46812644,1.0,0.9252633765688709
2CXO J072214.8-093033,110.5619706,-9.509322479,224.907477,2.425086,15.686,14.727,19.53371592,19.73285214,19.27872364,-13.01904039,0.609756098,1.1683075978631376
2CXO J072222.8+085430,110.5952564,8.908435995,208.4239,10.892298,14.522,13.362,18.71062907,18.86252068,18.21404516,-12.9121984,1.0,0.818632699983196
2CXO J072229.0+072011,110.6212124,7.336465205,209.869878,10.220655,16.054,14.947,19.4611278,19.58574863,19.10183912,-13.50765184,1.0,1.7445297628746281
2CXO J072235.7-092435,110.6491095,-9.409884983,224.860052,2.547687,15.173,14.281,19.48638329,19.44988903,19.15021331,-13.29767632,0.634146341,0.9551763902738345
2CXO J072752.5+051411,111.9689352,5.236390687,212.388016,10.482264,15.116,14.822,18.975678,19.25052657,18.07817216,-13.80630118,0.512195122,3.462973565237163
2CXO J072814.0+143514,112.0583311,14.58749329,203.797471,14.62737,15.425,14.136,18.80812187,18.96901617,18.51829861,-13.60580132,0.951219512,1.2773838026789923
2CXO J072926.7+205520,112.3613626,20.92222555,197.893862,17.461461,16.94,15.689,20.13444961,20.27161898,19.76507591,-14.04072281,1.0,1.959605967455418
2CXO J072955.9+205404,112.4829849,20.90132677,197.960645,17.557835,16.276,15.291,20.46909088,20.5930703,19.77731245,-13.76794322,0.975609756,1.413571168512881
2CXO J073748.1+010947,114.4505054,1.163255108,217.225504,10.838456,15.738,14.947,18.69155137,18.80702822,18.26031319,-13.39470202,0.975609756,1.9405348497581392
2CXO J074112.5-143550,115.3022265,-14.59747534,231.605577,4.051336,16.347,15.669,19.67628651,19.60677035,19.69876537,-13.42140919,0.585365854,1.4743843431856143
2CXO J074212.3-591737,115.5516585,-59.29361326,271.539641,-16.989799,15.777,14.841,19.14030574,19.13371322,18.88291566,-9999.0,0.707317073,1.7273726665569589
2CXO J074230.0-144417,115.6251934,-14.73814423,231.882395,4.254266,17.131,16.536,19.97380761,20.03238789,19.46570486,-13.68615116,0.634146341,2.3050776901560734
2CXO J074507.8+015651,116.2827672,1.9476255,217.375555,12.825495,15.377,14.129,19.05025638,19.27667513,18.72157156,-13.45390863,1.0,1.1799876698141576
2CXO J074733.2+115131,116.8887094,11.8586753,208.432667,17.748984,17.103,16.08,20.42678635,20.73420804,20.13369198,-13.88637832,1.0,1.5176278637448775
2CXO J074748.9+115256,116.953995,11.88236212,208.438423,17.816903,15.029,13.922,18.20241972,18.28853149,17.93092058,-12.88646316,0.975609756,1.1328212631909829
2CXO J074806.5+120252,117.0272293,12.04801671,208.312289,17.95168,15.4,14.695,20.04962542,19.974384,19.35761788,-13.2974403,0.926829268,0.6477589362014665
2CXO J074823.2-191410,117.0964113,-19.23622304,236.493571,3.234712,14.788,14.013,19.5087347,19.31173663,18.8139076,-13.81130956,0.56097561,1.4596160537047322
2CXO J074906.1+131607,117.2756558,13.26862528,207.250893,18.681996,16.409,15.254,20.15459349,20.56514697,19.74745066,-13.71055608,1.0,1.3983097822390624
2CXO J074919.2+132738,117.3301905,13.4606244,207.089571,18.809831,15.315,14.799,19.41491678,19.6503498,18.84954147,-13.59566672,1.0,2.406800570885615
2CXO J075123.6-014348,117.8484181,-1.730235494,221.458054,12.492222,15.05,13.961,18.78749818,18.88567467,18.51036324,-12.82216736,0.975609756,0.814891774979262
2CXO J075142.4-014522,117.9268143,-1.756361901,221.519671,12.548831,15.725,15.314,20.75669499,20.60898671,19.17023865,-13.42255156,0.926829268,1.8399537062320213
2CXO J075250.2+123318,118.2091998,12.55503128,208.337161,19.212685,16.407,14.91,19.40743543,19.58756083,19.04263377,-13.79854178,0.975609756,1.670521429153492
2CXO J075255.9+122712,118.2329829,12.45352969,208.445096,19.191425,15.733,15.107,18.89679688,19.49262022,18.22131985,-13.58948584,1.0,3.581484128395865
2CXO J075331.0-493403,118.3793005,-49.56753803,263.375944,-11.106803,15.855,14.836,18.68463044,18.85483255,18.36575357,-13.55951395,0.634146341,2.1974240403304965
2CXO J080013.8+081711,120.0575595,8.28648518,213.243956,19.033351,17.168,16.133,20.43309829,20.68336517,19.85037198,-13.91080493,0.975609756,1.6079756394832199
2CXO J080204.6-035441,120.5196264,-3.911476379,224.738766,13.783988,16.828,16.015,20.20468689,20.26037285,19.8333068,-9999.0,0.926829268,2.6036669631150446
2CXO J080223.9-040132,120.6000614,-4.025625711,224.881673,13.798374,14.228,12.734,17.62249691,17.83038451,17.22398062,-9999.0,0.975609756,1.5298157356506379
2CXO J080403.5+050748,121.0145747,5.130131853,216.675825,18.480022,16.356,15.211,20.41124162,20.54950464,19.7783618,-13.83365564,1.0,1.6409755951505312
2CXO J080407.0+051110,121.0292808,5.186239565,216.630056,18.518476,16.981,15.632,20.20360204,20.44210383,19.80011419,-14.23667769,1.0,2.1904929268361273
2CXO J080529.7-010057,121.3741088,-1.016102053,222.543545,15.931162,16.31,14.735,20.23108674,20.3946477,19.68128919,-13.7709816,0.951219512,1.3997204322276395
2CXO J080550.3-010626,121.4598164,-1.107273605,222.669492,15.962629,16.61,15.736,20.21589125,20.38076547,19.93865659,-14.15335708,0.951219512,1.9142307818168862
2CXO J080612.2-005537,121.551157,-0.927055102,222.550528,16.129206,13.96,12.757,18.41227448,18.6584844,18.12755052,-12.46167499,0.975609756,0.7678546406226566
2CXO J080851.6-102923,122.2150391,-10.48994138,231.444499,11.947812,16.189,14.732,19.9390481,20.07579789,19.64418517,-13.61580253,0.902439024,1.2836912807334213
2CXO J080857.1-103030,122.2383428,-10.508516,231.472815,11.957943,16.189,14.919,20.61491589,20.84168721,20.19964159,-14.04216148,0.829268293,1.1065439486733153
2CXO J081517.0-030511,123.8211199,-3.086553963,225.671035,17.059986,15.285,14.27,19.23884043,19.30892631,19.07201456,-13.00590094,0.951219512,0.7653411057274327
2CXO J081725.0-074255,124.3542494,-7.715367448,230.111201,15.185041,14.425,13.506,20.48814561,20.41550247,19.2967245,-13.09967221,0.829268293,0.6474722966484866
2CXO J081739.5-073308,124.4149022,-7.552380884,229.998218,15.320307,12.79,12.033,17.31937738,17.25126708,16.57295893,-13.08749727,0.951219512,0.9265350546709058
2CXO J081813.4-073306,124.5557938,-7.551960918,230.072233,15.440369,16.557,16.032,20.07135761,20.29043468,19.7146052,-13.77269516,0.926829268,1.7898728626695461
2CXO J082701.3-070438,126.7555538,-7.077333624,230.82629,17.552965,15.553,14.544,20.20776861,20.0920491,19.8053439,-12.80223184,0.975609756,0.87665344012257
2CXO J082705.8-070859,126.7744234,-7.149859494,230.901435,17.531129,15.624,15.286,20.19329535,20.863872,19.63481299,-14.15811899,0.902439024,3.2614601229627804
2CXO J082726.9-071118,126.8624596,-7.188481442,230.9838,17.585486,16.9,15.864,20.19995536,20.4138654,19.77059727,-13.89861293,1.0,2.3656071425768856
2CXO J082732.9-070831,126.8872689,-7.141973793,230.955666,17.630761,16.023,14.801,19.90848288,20.36563519,19.22139939,-14.05019888,0.975609756,2.0211459046420486
2CXO J082834.8-065754,127.1451591,-6.965114768,230.937631,17.941387,16.045,14.775,18.96344077,19.14160718,18.62396447,-14.20627806,0.975609756,2.2764274408524967
2CXO J082846.3-065945,127.193157,-6.99609365,230.991567,17.965818,16.908,15.753,20.05542575,20.32559519,19.50427545,-14.06937323,1.0,2.3741007098803495
2CXO J083548.0-263004,128.9499143,-26.50125738,248.587371,8.44222,16.227,15.376,19.94374781,20.07191473,19.61162846,-13.56011293,0.926829268,1.536257267859822
2CXO J083614.6-262902,129.0610113,-26.48394499,248.632496,8.532742,16.368,15.676,20.20782819,20.48236538,19.65673544,-13.86454873,0.975609756,1.4149555856241196
2CXO J083641.1-262459,129.171521,-26.41660139,248.636581,8.65236,15.188,14.348,17.84013969,18.01715288,17.48923497,-13.81500699,0.829268293,2.5655688897687186
2CXO J083650.8-201453,129.2120221,-20.24832364,243.568491,12.288496,16.401,15.503,19.22969244,19.43344016,18.90802035,-13.48146505,0.951219512,2.0924245802556682
2CXO J083702.2-201229,129.2592856,-20.20805996,243.561088,12.347957,14.893,14.376,19.5314263,19.46272705,18.42615665,-12.93811831,0.87804878,1.0411599188796954
2CXO J083852.2-525823,129.717642,-52.97313665,270.161999,-7.002159,15.757,14.567,18.91061442,19.19227777,18.72220714,-13.61439441,0.56097561,1.728456052123259
2CXO J084045.0-103202,130.1876756,-10.53411452,235.807976,18.562095,15.779,14.94,20.71968411,,,-13.29300872,0.951219512,1.2889594906172193
2CXO J084138.9-173123,130.4121233,-17.52319058,241.955983,14.790128,16.396,15.849,20.65882277,20.79902606,19.85609848,-14.00279269,0.902439024,1.6541597571114623
2CXO J084150.1-174402,130.4587167,-17.73404815,242.160409,14.704393,16.592,15.301,19.95379304,20.11679283,19.51005391,-13.50253023,0.975609756,1.5324011598361644
2CXO J084155.9-172629,130.4831429,-17.44142656,241.927465,14.892666,16.908,16.078,20.39476539,20.65586374,20.22656143,-13.81874377,0.926829268,1.7120200718491998
2CXO J084200.0-173027,130.5001354,-17.50767409,241.993086,14.86758,14.586,13.477,18.91136754,19.03428135,18.54296125,-12.88263072,0.975609756,0.7016715218448857
2CXO J084205.9-171356,130.5248186,-17.23235335,241.774649,15.045962,16.813,15.439,19.7840474,19.87449331,19.43129603,-13.62334397,0.975609756,2.170579804763579
2CXO J084219.4-173011,130.5809726,-17.50299983,242.035306,14.933158,15.169,14.738,20.40236332,20.52647621,20.16023514,-14.27991819,0.780487805,1.7083134558346693
2CXO J084220.7-173204,130.5861885,-17.53461218,242.064961,14.91891,15.462,14.329,19.01179165,19.23842878,18.63511609,-13.46480919,1.0,1.5200666271747258
2CXO J084739.2-694926,131.9136444,-69.8238508,284.63354,-16.196384,12.988,11.938,17.69288329,17.62080416,17.15047446,-12.21341299,0.975609756,0.5150393628903169
2CXO J084857.4-693607,132.2397739,-69.60195092,284.516117,-15.974357,14.698,13.568,19.40431671,19.46116903,18.86872851,-13.38982461,0.707317073,1.0201172432269994
2CXO J085142.9-690443,132.929031,-69.07887092,284.230395,-15.46731,16.423,15.288,19.88848654,20.09576684,19.35648164,-14.01635479,0.926829268,1.7271001418078797
2CXO J085335.6-685553,133.3987169,-68.93147669,284.214041,-15.244164,16.482,15.548,19.58798405,19.60056538,19.39024289,-13.64905992,0.707317073,2.2412310110774385
2CXO J090114.8-642047,135.3119116,-64.3466666,281.019529,-11.787751,14.455,13.724,19.96514055,19.9288768,19.22676353,-13.52653674,0.756097561,0.9253286437095334
2CXO J090130.7-244211,135.3779409,-24.70321014,250.751676,14.127732,14.796,13.672,19.01536531,19.176136,18.56473238,-13.42265951,0.731707317,0.9470664567381364
2CXO J090422.5-321016,136.0939467,-32.17132427,257.002982,9.793057,15.062,13.999,18.76887918,18.76465586,18.46124729,-13.35067224,0.634146341,1.2563935704459095
2CXO J090447.5-363055,136.1981394,-36.51557645,260.363415,6.994763,16.048,14.973,19.2570625,19.38932119,18.90878802,-13.40631872,0.658536585,1.6106219627026126
2CXO J090517.7-322457,136.3238588,-32.41581815,257.319609,9.779192,16.581,15.308,20.0740735,19.90637493,19.6320413,-13.1705263,0.585365854,1.3666787910615887
2CXO J090536.0-321901,136.4004347,-32.3172648,257.287452,9.892736,15.284,14.531,20.06532124,20.08506409,18.99433378,-13.18230764,0.829268293,1.2328552193082987
2CXO J091049.6-644813,137.7066305,-64.8038597,282.058977,-11.309528,13.295,12.249,17.8777635,17.77970426,17.02222784,-13.27327724,0.634146341,0.5496633285401991
2CXO J091057.8-644933,137.7411447,-64.82584621,282.085671,-11.313264,15.047,14.125,19.37370435,19.46497373,18.79468625,-13.55427035,0.658536585,1.0680218327250013
2CXO J091256.9-645227,138.2372356,-64.87423736,282.266366,-11.189231,13.601,12.383,19.63181541,20.32399034,18.59581876,-13.16833618,0.634146341,1.36822027583207
2CXO J091301.4-645216,138.2560415,-64.87122469,282.269573,-11.181297,15.524,14.496,19.96318841,20.44074834,19.63386676,-13.51000958,0.804878049,1.1513134519942358
2CXO J091732.7-222047,139.386343,-22.34641636,251.347095,18.455741,16.343,15.595,19.78973463,20.05753507,19.42119873,-13.47960939,0.975609756,2.3349544109383773
2CXO J091741.5-221647,139.4233104,-22.27974708,251.317786,18.525324,15.981,15.345,20.11471777,20.27783002,19.60645549,-13.69187825,0.926829268,1.1657383702574267
2CXO J091742.6-222322,139.4278304,-22.38967243,251.408046,18.456233,16.758,15.656,20.20945004,20.53186401,19.73102967,-13.65433688,0.902439024,1.5811100399541507
2CXO J091742.6-222453,139.4277131,-22.41473281,251.427878,18.439676,15.897,14.952,19.37933533,19.4927462,19.13303729,-13.51073698,0.87804878,1.147845774950528
2CXO J091834.9-222005,139.6458053,-22.33483527,251.504437,18.644095,15.308,14.434,19.35903554,19.41449316,19.04562324,-13.03895485,1.0,1.1569012785368797
2CXO J092358.8-220539,140.9952101,-22.09431131,252.191852,19.738164,15.747,15.067,19.75419821,19.77118945,19.17391171,-13.97373118,0.902439024,1.213036782209942
2CXO J092411.5-215908,141.0481648,-21.9856665,252.140854,19.847299,16.687,15.768,20.46673559,20.4852457,19.96467115,-13.38437312,0.951219512,1.4062015438341027
2CXO J092418.1-220526,141.0755844,-22.09062386,252.241866,19.795997,15.714,14.611,20.26816035,20.45110695,19.71736977,-13.60104941,0.951219512,1.0992160874766252
2CXO J092435.5-254654,141.1480362,-25.7820315,255.161008,17.351458,16.058,15.428,20.20512031,20.20239974,19.87619742,-13.17821684,0.804878049,1.0542151394154788
2CXO J092451.8-220058,141.2160984,-22.01634729,252.275915,19.942463,15.828,14.903,20.41432994,20.71823981,20.0589139,-13.98892498,0.951219512,1.4419159753399697
2CXO J092520.2-254609,141.3343984,-25.76938068,255.271299,17.482795,15.706,15.006,20.38439817,20.46772252,19.66735818,-13.49254219,0.853658537,0.9061167099404899
2CXO J092803.2-764139,142.0128948,-76.69428724,292.095614,-18.325515,16.044,14.914,19.47461086,19.47635845,19.1068798,-13.67212543,0.707317073,2.1698955824714736
2CXO J094443.9-622546,146.1830587,-62.42969185,283.102208,-6.98323,14.201,12.891,17.55439449,17.68457654,17.26624439,-13.16468308,0.682926829,1.217069417012343
2CXO J094548.5-623441,146.4522865,-62.57814914,283.294635,-7.015034,16.792,15.47,19.31207211,19.62468653,19.16690919,-13.67727861,0.609756098,2.3485891616847034
2CXO J094553.9-311307,146.4749087,-31.21885188,262.640039,16.779308,15.299,14.661,18.23547913,18.41182478,17.81973699,-13.44088388,0.853658537,2.000001602918937
2CXO J094812.5-472706,147.0523007,-47.45186503,273.818281,4.794663,16.249,15.521,19.74842012,19.58260965,19.40012807,-13.54183034,0.731707317,1.4112657424362773
2CXO J094843.5-473237,147.1814642,-47.5438191,273.944618,4.779801,14.844,14.252,18.98276418,18.95395734,18.56099514,-12.32104474,0.780487805,0.7271975823530399
2CXO J094908.3-713243,147.2847998,-71.54553438,289.481624,-13.611218,17.566,16.564,20.54386058,20.74575314,20.15888051,-13.8723314,0.87804878,1.804596749980552
2CXO J094911.9-472437,147.2997426,-47.4105335,273.920982,4.933428,15.104,14.032,18.49192987,18.6108008,18.22748205,-13.12160809,0.536585366,1.2884538453707186
2CXO J095210.1-461759,148.0424908,-46.29965228,273.60751,6.114383,15.111,14.701,19.89965055,,,-13.72115996,0.536585366,2.0634637769483266
2CXO J095214.4-461442,148.0602629,-46.24517147,273.58253,6.164406,16.434,15.342,19.35986611,19.4619152,19.09651928,-13.39365995,0.707317073,1.7892454937859614
2CXO J095243.5-461917,148.1814065,-46.32136832,273.69621,6.157988,16.223,14.978,20.08491153,20.06749572,19.66451515,-13.54701735,0.756097561,1.4130001681841866
2CXO J095613.2-654520,149.0552373,-65.75562387,286.218883,-8.743704,16.435,15.278,19.47027708,19.64661105,19.24780905,-13.33103069,0.731707317,1.4632641149276642
2CXO J095713.4-653534,149.3060886,-65.59275466,286.198327,-8.551895,15.549,14.653,19.58369045,19.51987162,19.21159393,-13.16949031,0.804878049,0.7685689388947919
2CXO J095716.7-653849,149.3198655,-65.64704284,286.236882,-8.59096,15.746,14.647,20.28617198,19.68554876,21.81786391,-13.14178439,0.853658537,1.1439458983342083
2CXO J100023.3-302411,150.0970368,-30.40303353,264.543427,19.438265,15.895,14.91,20.39721051,20.52368759,19.83261094,-13.78265845,0.975609756,1.041923343119737
2CXO J100120.3-710241,150.3350097,-71.04496362,289.930657,-12.603361,15.998,15.359,20.38273292,20.45043497,19.79389634,-13.68707944,0.853658537,1.397767361660668
2CXO J100507.1-334528,151.279565,-33.75788962,267.591862,17.464038,15.044,14.517,20.14234046,20.00472442,19.1610176,-13.05430823,0.658536585,1.0945397763648927
2CXO J100523.3-335046,151.3474259,-33.84626674,267.695616,17.429498,16.091,15.063,19.91833199,20.0423579,19.6955903,-13.12345262,0.975609756,1.2272760280377883
2CXO J100557.8-334821,151.4910823,-33.80601379,267.767964,17.534857,16.74,15.698,19.49829591,19.75520963,19.29892923,-13.4661055,0.926829268,2.623588292971421
2CXO J100601.0-335506,151.50422,-33.91852348,267.84971,17.453011,15.894,14.474,19.12167193,19.37139241,18.74424383,-13.58948203,0.975609756,1.7105393471799624
2CXO J100607.5-340300,151.5312596,-34.05020654,267.953242,17.363102,16.794,15.642,19.74755875,19.90014765,19.39658184,-13.71392777,0.707317073,2.2743551414185275
2CXO J100631.6-402801,151.6318914,-40.46709345,272.054538,12.315503,15.622,15.267,20.10377483,19.79456482,19.11598181,-13.19635609,0.756097561,1.5958308067481353
2CXO J100710.7-402601,151.7948655,-40.43361452,272.135609,12.416648,17.495,16.386,19.96171604,19.95960697,19.82768577,-14.23015541,0.756097561,2.2135171429996325
2CXO J101610.1-332854,154.042377,-33.48188254,269.345381,19.075423,14.569,13.549,20.63600266,20.27740773,19.27882143,-13.1818795,0.658536585,1.3093159816675866
2CXO J101616.7-333847,154.0695947,-33.64640172,269.467404,18.955957,16.117,14.776,19.97830104,20.22231439,19.6342594,-13.76781996,0.926829268,1.3525615375870965
2CXO J101618.6-334558,154.0775231,-33.76612928,269.547617,18.863114,15.089,14.382,19.84549882,19.76799605,19.13692814,-12.88050954,0.731707317,0.9100152792177063
2CXO J101704.4-333755,154.2686665,-33.63213757,269.600261,19.065014,16.102,15.361,20.48103541,20.27612947,19.86607997,-13.13057181,0.829268293,1.642286794552169
2CXO J101733.3-462003,154.3889369,-46.3343901,277.176173,8.699476,15.883,15.067,20.03348896,20.26494465,19.89464536,-13.50167414,0.804878049,1.0118868224174264
2CXO J102428.6-470953,156.1193784,-47.16476795,278.639788,8.657047,15.972,14.799,19.91418882,20.14343722,19.52548291,-14.34784071,0.829268293,1.2284318825181293
2CXO J102436.9-472128,156.153922,-47.35796061,278.764922,8.506836,15.045,13.676,18.37857266,18.57042061,18.02855063,-13.29712568,0.87804878,1.4230423221211668
2CXO J102443.1-471305,156.1797987,-47.21824864,278.703903,8.634064,16.222,15.427,20.49194898,20.42898985,19.41734644,-14.17989504,0.780487805,1.231135077050856
2CXO J102512.1-472309,156.3008144,-47.38602461,278.865019,8.536579,15.727,14.932,20.30668637,20.18156015,19.86908901,-13.47711042,0.975609756,0.9384521564639056
2CXO J102730.9-435043,156.8787862,-43.8454883,277.287799,11.744195,16.616,16.201,19.92525353,20.32005607,19.2332824,-14.0892337,0.87804878,3.5980135418385886
2CXO J102740.6-435621,156.9192352,-43.93934121,277.364132,11.680386,17.446,16.288,20.2808567,20.31284413,20.00601746,-14.07632155,0.853658537,1.8462609179096894
2CXO J103059.6-394847,157.7486057,-39.81313011,275.642724,15.502432,16.798,15.832,19.81845971,19.87410547,19.51817773,-13.6304563,0.853658537,2.45520033917396
2CXO J103110.9-400754,157.7957808,-40.13172423,275.849822,15.251562,15.987,14.866,19.17882147,19.37496387,18.78032207,-13.18558893,1.0,1.7146031571866949
2CXO J103113.9-352059,157.8082753,-35.34987873,273.17616,19.295267,16.163,15.075,20.57560689,20.4858956,19.93733472,-13.37642667,0.975609756,1.085583495660227
2CXO J103307.3-351439,158.2804231,-35.2442308,273.460043,19.591911,16.08,15.224,20.16443366,20.11922425,19.67759003,-13.16894754,0.902439024,1.18380746651381
2CXO J103310.6-352517,158.2944078,-35.42131254,273.570932,19.448508,16.226,14.936,19.70012818,19.86529064,19.28963384,-13.24336099,0.975609756,1.7345631182887704
2CXO J103318.6-360600,158.3276519,-36.10001753,273.979026,18.889236,14.827,14.297,19.05005747,18.55492122,17.62792706,-14.64911367,0.634146341,1.7725767635993592
2CXO J103419.0-351339,158.5794489,-35.22763546,273.669857,19.736449,16.042,15.491,19.8192696,19.8412415,19.59253247,-13.54377807,0.707317073,1.0730219365624467
2CXO J103526.2-351138,158.859565,-35.19418315,273.857129,19.886301,15.8,14.542,19.52154857,19.66488524,19.14413174,-12.89822037,0.87804878,1.2290106931887272
2CXO J103545.4-352540,158.9393995,-35.42787923,274.047166,19.722321,17.327,16.423,20.00731288,20.13790735,19.62421782,-9999.0,0.853658537,2.5411984559533853
2CXO J103600.7-351817,159.0032861,-35.30493548,274.025301,19.854253,15.811,15.019,19.6652286,19.85530063,19.16330187,-9999.0,0.756097561,1.2089511934915464
2CXO J103621.6-351335,159.0901807,-35.22669805,274.045612,19.958128,14.426,13.652,19.8535743,19.59767266,18.40189312,-12.57445559,0.926829268,0.6402783538695381
2CXO J103638.3-352250,159.159808,-35.38066047,274.183099,19.857023,14.467,13.617,19.19472395,19.17973677,18.80254825,-12.87481736,0.951219512,1.0422267278341735
2CXO J103727.2-352545,159.3636683,-35.42924228,274.360678,19.902653,16.263,15.265,19.94156874,19.86643815,19.59769769,-13.35993042,0.951219512,1.264405079883229
2CXO J103950.3-704919,159.9597083,-70.82200106,292.470403,-10.672915,16.565,16.098,20.16367312,20.25669773,19.95693856,-14.03597464,0.609756098,1.962277601310695
2CXO J104011.7-704752,160.0485939,-70.79787627,292.484236,-10.637548,16.024,15.374,20.43876577,21.0557767,20.27079158,-13.77723803,0.853658537,2.0346286667205185
2CXO J104031.6-704809,160.1314914,-70.80257639,292.510758,-10.628283,17.621,16.819,19.92592577,20.0629697,19.65155958,-13.40117889,0.87804878,1.812715876033868
2CXO J104054.5-704817,160.2271018,-70.80479136,292.539762,-10.614845,15.12,13.982,18.1537908,18.38757176,17.72662099,-13.69611715,0.780487805,1.9792755087648746
2CXO J104139.5-704643,160.4145966,-70.77865384,292.581623,-10.561975,16.0,14.777,19.80098882,20.02019587,19.3146561,-12.92205084,0.926829268,1.3862328188859385
2CXO J104151.1-704759,160.4630813,-70.79987424,292.60629,-10.572785,15.621,14.776,20.19578222,20.18550448,19.73980889,-13.23468548,0.975609756,1.2306213633706358
2CXO J105304.1-402959,163.2670269,-40.49984625,279.811555,16.99817,16.586,15.589,20.36389271,20.29422262,19.93059565,-13.149231,0.975609756,1.737297383366519
2CXO J105348.5-401841,163.4519668,-40.31147961,279.852123,17.230142,16.089,15.628,20.67718524,20.54205296,20.02462459,-13.54458221,0.87804878,1.5824625388110944
2CXO J105419.4-420814,163.5810282,-42.13733762,280.807973,15.648127,14.973,13.808,18.24126142,18.30485289,17.99004852,-13.15704058,0.804878049,1.4194954867508818
2CXO J105420.3-421408,163.5849028,-42.23575444,280.856807,15.561629,17.087,15.917,20.35290199,20.68742924,19.87367632,-14.1687692,0.780487805,1.7968519952366302
2CXO J105430.9-484606,163.6290859,-48.7684863,283.872366,9.728241,16.458,15.209,19.58644932,19.8051235,19.16694293,-13.58048459,0.780487805,1.765173457764769
2CXO J105447.0-421024,163.6961054,-42.17354568,280.904003,15.654307,16.323,15.098,19.99955587,19.99307671,19.63204823,-13.80605019,0.87804878,1.2484519734768686
2CXO J105449.6-484103,163.706876,-48.6841995,283.88144,9.826513,13.914,12.459,18.3949508,18.40978663,18.08939935,-13.23878973,0.682926829,0.8799808866670976
2CXO J105454.1-422145,163.725492,-42.36268869,281.012525,15.495184,16.996,15.983,20.51817175,20.40536184,20.10570825,-13.71995551,0.87804878,1.222632011540494
2CXO J105458.5-421050,163.7440111,-42.18056968,280.940211,15.664013,17.047,15.778,20.49688788,20.68264066,19.9817814,-14.02772205,0.780487805,2.020145646326775
2CXO J105501.9-484903,163.7579686,-48.81772338,283.971703,9.72139,15.622,15.029,20.24303067,20.04565579,19.6159562,-13.68583367,0.756097561,1.055359914564941
2CXO J105505.9-421955,163.7745925,-42.33212492,281.031918,15.538795,14.937,13.851,18.83570559,19.09246881,18.4442852,-14.27692178,0.804878049,1.8708356059582092
2CXO J105522.1-421253,163.8422282,-42.21486513,281.023727,15.666044,16.809,15.583,20.42186909,20.27337359,20.25877324,-14.19834348,0.87804878,1.2151166000041362
2CXO J105527.4-421730,163.8645524,-42.29174647,281.074844,15.60472,15.808,14.585,19.93212446,20.08492346,19.47118106,-14.11069348,0.926829268,1.397659310108424
2CXO J105750.1-522541,164.4590541,-52.4281357,285.954887,6.658658,15.223,14.174,19.36876638,19.20581449,19.12468252,-13.63934421,0.682926829,1.0800271856959707
2CXO J111449.2-762249,168.7050045,-76.38037408,297.217638,-14.592373,16.41,15.421,19.74245872,19.60111486,19.36291208,-13.71910211,0.512195122,1.7237979208163534
2CXO J111635.8-762449,169.1493119,-76.41369801,297.330668,-14.584307,15.694,14.746,19.65443811,19.32072372,19.08183771,-13.82400077,0.780487805,1.298676069120736
2CXO J111650.0-762724,169.2085761,-76.45682033,297.360476,-14.619245,15.914,14.823,19.69081272,19.52736445,19.23053092,-13.74750838,0.829268293,1.313720157156269
2CXO J113146.0-541744,172.941725,-54.29577591,291.382331,6.779671,17.067,16.431,19.84573414,19.64918837,19.34801233,-13.62007271,0.731707317,1.8651780614818383
2CXO J113238.1-530841,173.1589454,-53.14478127,291.152864,7.915239,16.006,14.99,19.19855289,19.28219734,18.75720511,-13.55427346,0.634146341,2.070522576410419
2CXO J115016.9-570021,177.5707965,-57.00580177,294.646082,4.878868,15.821,14.831,19.40866271,19.85478018,19.0576216,-13.34103308,0.780487805,1.5443049932596593
2CXO J120135.3-780427,180.3970046,-78.07433631,300.280033,-15.460032,15.159,13.893,18.66931875,18.95111636,18.23111114,-13.2238996,0.756097561,1.689082743090186
2CXO J120234.1-781058,180.6419501,-78.18303366,300.353563,-15.556645,16.133,15.218,20.0768831,19.82381093,19.73071689,-13.22929197,0.682926829,1.6822104483052065
2CXO J120614.4-525305,181.5600413,-52.88487156,296.049357,9.381827,16.129,15.463,20.22099059,20.43046156,20.13833689,-13.93524515,0.634146341,1.140118632053379
2CXO J120645.2-524953,181.6887145,-52.83140953,296.117358,9.448112,16.189,16.198,20.07629411,20.87028144,19.24818257,-14.67301726,0.536585366,3.717565584913432
2CXO J120742.3-525752,181.9262745,-52.96446831,296.283746,9.34184,14.902,13.804,19.61138184,19.65441578,18.98137711,-13.71363055,0.829268293,0.91037704558105
2CXO J120801.9-524748,182.0079373,-52.79691773,296.304016,9.515339,14.721,14.047,20.41317202,20.51454756,19.58103617,-13.27937331,0.87804878,1.3497375544859616
2CXO J120913.6-523021,182.3067157,-52.50611292,296.435826,9.832416,15.658,14.57,19.72790329,19.91257555,19.43936222,-9999.0,0.853658537,1.1319841395179366
2CXO J120941.9-522456,182.424537,-52.41559694,296.492586,9.933511,15.03,13.971,18.9847464,19.0585262,18.66373222,-9999.0,0.87804878,1.4563425082582675
2CXO J120954.7-522103,182.4781713,-52.35113687,296.514695,10.00245,14.853,13.655,18.58647499,18.84890623,18.12797562,-9999.0,0.731707317,1.5253954347363348
2CXO J120955.1-521714,182.4797524,-52.2873384,296.505112,10.065554,16.041,14.624,19.72773031,20.02342628,19.06941048,-9999.0,0.902439024,1.802798864848633
2CXO J121006.1-522119,182.5255371,-52.35561436,296.54442,10.002733,16.602,15.63,20.38079863,20.10804172,19.83097212,-9999.0,0.658536585,1.3875861663660087
2CXO J121125.6-701050,182.8569141,-70.18057441,299.525977,-7.573857,15.614,14.679,19.26793466,19.34572375,18.9207687,-13.2514814,0.682926829,1.3384584340327226
2CXO J122505.0-491216,186.2712329,-49.20449904,298.511555,13.440935,15.567,14.735,20.41852635,20.1288705,19.49246433,-13.4833343,0.926829268,0.7625884207830624
2CXO J122531.6-490505,186.3817408,-49.08496265,298.572693,13.567349,15.711,14.791,19.09314905,19.48126305,18.59032434,-13.44373228,0.609756098,2.264401453371334
2CXO J122537.0-723133,186.4041876,-72.52610076,300.968929,-9.752838,15.668,14.616,18.92548268,19.17934988,18.6164637,-13.23032797,0.536585366,1.5585930511220263
2CXO J122542.0-490825,186.42506,-49.14052743,298.607587,13.514998,15.157,14.48,20.17672829,19.71512254,18.54543848,-13.27035969,0.853658537,0.6950959031469349
2CXO J122623.7-723238,186.5990681,-72.5441608,301.02981,-9.764959,15.329,14.415,18.87422552,18.70688953,18.99019265,-13.08883988,0.658536585,1.2392662764057831
2CXO J122737.6-490011,186.906582,-49.00291584,298.916563,13.683099,15.058,13.828,20.20084707,20.44246064,19.50567657,-13.63639146,0.609756098,1.541311301880713
2CXO J122746.2-490526,186.9425919,-49.09044366,298.94927,13.598199,15.749,14.631,19.87209256,20.0377376,19.38234108,-13.25841325,0.902439024,1.2328994838147649
2CXO J122752.3-485337,186.9678844,-48.89344085,298.947169,13.795889,16.35,15.637,19.52607295,19.71747452,19.04970988,-13.38613803,0.804878049,1.8547723677333567
2CXO J122805.5-485939,187.0230378,-48.99403842,298.993993,13.699125,16.708,16.148,19.93587701,20.10138596,19.51236135,-13.56794193,0.658536585,1.8782630074651965
2CXO J122818.7-485041,187.0776882,-48.84462245,299.016541,13.851227,16.122,15.595,20.2568526,20.30094548,19.93409064,-13.71350877,0.780487805,1.5725344598267332
2CXO J122823.3-485044,187.0969686,-48.84560287,299.029647,13.851421,16.174,15.132,20.1914196,20.28466448,19.73003064,-13.77287934,0.926829268,1.1114459336075944
2CXO J123339.6-481057,188.4152613,-48.18254302,299.871658,14.583548,15.993,15.086,20.16045117,20.41584927,19.91131045,-13.92950508,0.87804878,0.9467624686289007
2CXO J123359.4-481102,188.4977529,-48.18391129,299.928448,14.586066,16.293,15.148,19.80854399,19.91597947,19.29676499,-13.7193828,0.902439024,1.4848916565360435
2CXO J123840.0-453726,189.666563,-45.62388777,300.595052,17.189903,16.448,15.476,20.0065603,20.09832052,19.55810513,-13.43748976,0.804878049,1.7227005774477544
2CXO J124446.5-442603,191.1940638,-44.43433248,301.678572,18.421204,16.202,15.146,19.19293581,19.26313568,18.8681216,-13.58262142,0.951219512,2.120212865985943
2CXO J124546.5-443214,191.4439529,-44.53737145,301.869101,18.322693,17.414,15.94,20.4897572,20.26608605,19.84232005,-13.65902178,0.853658537,1.7355352417312722
2CXO J125226.1-444824,193.1089173,-44.80663952,303.118066,18.064749,17.007,16.05,20.20136852,20.4622208,19.76664143,-13.98062259,0.951219512,1.6764165014844608
2CXO J125237.4-484550,193.1559792,-48.76394043,303.133436,14.107344,16.522,15.155,19.67949806,19.89927308,19.48727997,-13.59409514,0.682926829,1.6014525074167647
2CXO J125246.0-445733,193.1916965,-44.9592833,303.178971,17.911828,15.579,14.677,19.71562787,19.72392588,19.41345236,-13.16747582,1.0,0.8119843940306718
2CXO J125334.3-484913,193.3931711,-48.82028144,303.294146,14.049966,16.987,15.507,20.01921207,20.14313425,19.69258416,-13.5220453,0.512195122,1.4103934947268497
2CXO J125645.2-464951,194.1884772,-46.83108315,303.877899,16.030901,15.736,14.833,18.36503729,18.56364165,17.98407571,-13.95232985,0.829268293,2.8014309703177465
2CXO J125944.1-710253,194.9339348,-71.04832516,303.612445,-8.187541,15.209,14.482,19.36092851,19.48888835,19.03392871,-13.45422147,0.780487805,1.0827582567498246
2CXO J130408.9-493605,196.0373804,-49.60150661,305.04696,13.218033,13.869,12.818,18.68647434,18.68629917,17.92974824,-13.9954594,0.682926829,0.7194380471860687
2CXO J130453.5-492946,196.2229897,-49.49637569,305.176152,13.316738,15.469,14.752,20.15500089,20.2856338,19.3253384,-14.36474642,0.682926829,1.1429254153881288
2CXO J130539.6-493647,196.4150496,-49.61307828,305.297345,13.193339,15.894,15.12,20.12421971,19.91871963,19.72880418,-13.4035212,0.512195122,1.649690672947015
2CXO J131502.4-550112,198.7601243,-55.02019484,306.341406,7.695229,14.599,13.213,18.03475951,17.95575347,17.84987721,-13.34904286,0.536585366,1.1859239385604512
2CXO J131512.4-551305,198.8016824,-55.21825256,306.346771,7.495821,15.002,14.266,18.56844354,18.52960019,18.29120798,-12.72506248,0.682926829,0.9010074593012584
2CXO J131556.5-545944,198.9856599,-54.9956266,306.473673,7.70752,15.718,14.478,19.29324936,19.40459749,18.92758613,-9999.0,0.682926829,1.5568206077426907
2CXO J132111.7-451037,200.2988703,-45.17697756,308.419849,17.377447,16.112,15.141,19.65228059,19.93338448,19.33745454,-13.13778852,0.975609756,0.9968291099000232
2CXO J132129.4-450215,200.3726047,-45.03761143,308.491727,17.509466,15.976,15.415,20.28039079,20.4167315,19.65537052,-13.82615341,0.780487805,1.2792616631420464
2CXO J132129.6-450234,200.3737912,-45.04292955,308.491919,17.504085,15.116,14.432,20.45326734,20.36313439,19.47682856,-13.22729786,0.829268293,0.6359647338326577
2CXO J132200.2-451137,200.5009768,-45.19383996,308.565812,17.343281,17.659,16.157,20.09414972,20.30648321,19.80587695,-13.6328126,0.658536585,1.6413547575912883
2CXO J132240.3-432533,200.6681194,-43.42585024,308.925162,19.082126,16.432,15.242,19.74943377,19.97542594,19.32490844,-13.41646105,0.926829268,1.5317243669597014
2CXO J132245.9-451322,200.6915648,-45.22291649,308.701531,17.297583,16.949,16.239,19.82799061,20.11194579,19.48079748,-13.61198652,0.951219512,2.453100375301572
2CXO J132250.3-451051,200.7096974,-45.18094218,308.720397,17.337591,14.121,13.297,18.74601025,,,-12.77716773,0.902439024,1.3378897050077836
2CXO J132306.5-451105,200.7772293,-45.18490269,308.769321,17.327576,15.362,13.97,19.24997736,19.5536477,18.78875088,-13.87459402,0.902439024,1.319148699051686
2CXO J132311.2-432825,200.7967735,-43.47371317,309.016619,19.022617,16.021,15.24,19.73942964,,,-14.0151925,0.853658537,1.2530359096076935
2CXO J132316.9-432812,200.8208916,-43.47016923,309.035463,19.023852,14.711,13.85,20.08341464,19.83957308,18.89434377,-13.13140384,0.902439024,0.7285752765093858
2CXO J132541.4-425135,201.422646,-42.85998612,309.583821,19.568923,16.788,15.56,19.93861534,20.25075736,19.59002217,-14.54465606,0.853658537,2.07556217876207
2CXO J132711.2-425426,201.7971189,-42.90741998,309.864703,19.482564,15.725,14.427,19.77124777,19.99277632,19.33183713,-13.21215008,0.853658537,1.313272009258657
2CXO J132726.5-423824,201.8608039,-42.64007941,309.955529,19.740066,14.557,13.419,19.49605084,19.7990407,18.87207388,-12.99888622,0.975609756,0.8061322372921418
2CXO J132732.3-424914,201.8847284,-42.82052892,309.945617,19.559003,13.829,12.783,18.18512195,18.26284253,17.83517388,-13.91787368,0.902439024,0.7789053766075955
2CXO J132744.8-423748,201.9370313,-42.63018402,310.016011,19.74152,16.193,15.049,20.09919345,20.13513845,19.77676416,-13.5756037,0.87804878,1.2441085953950357
2CXO J132755.5-424659,201.9813993,-42.78314566,310.025965,19.585404,14.821,14.26,20.32562044,20.43872563,19.20744247,-13.5501445,0.853658537,0.8916263741874935
2CXO J133330.3-445352,203.376098,-44.89783645,310.716277,17.337149,13.488,12.264,17.78043089,17.8826375,17.29845785,-12.94625094,0.951219512,0.6273408610015759
2CXO J133338.8-445347,203.4115167,-44.89654434,310.742407,17.334145,12.746,12.101,17.68030503,17.38177935,16.39657417,-12.13327005,0.975609756,1.3724460985200577
2CXO J133415.5-444708,203.5646036,-44.78580309,310.874412,17.424565,16.797,15.726,20.16729369,19.9773852,19.73636627,-13.41600371,0.658536585,1.9576944524222208
2CXO J133429.5-444824,203.6230968,-44.80683146,310.913422,17.396646,16.994,16.066,20.0282581,20.06999175,19.76263832,-13.22090507,0.756097561,2.4889606653628733
2CXO J134007.8-471519,205.032922,-47.25521007,311.445508,14.81001,15.873,14.38,19.08697053,19.34378778,18.66862636,-13.54146677,0.926829268,1.642893998480409
2CXO J135252.6-464051,208.2191608,-46.68084025,313.770333,14.893895,16.185,15.227,20.38284947,20.78989161,19.90300234,-9999.0,0.731707317,1.4425887290619206
2CXO J135302.2-464726,208.2591172,-46.79067994,313.770059,14.780693,16.49,15.664,20.46975717,20.56896793,20.04977406,-9999.0,0.804878049,1.2459287270349015
2CXO J135303.9-465308,208.2661744,-46.88567841,313.750889,14.687396,14.691,13.721,18.85282965,18.8646038,18.43877239,-9999.0,0.634146341,0.841943569782558
2CXO J135759.1-474923,209.4963205,-47.82322857,314.337364,13.569369,15.095,14.036,19.43454392,19.66356987,19.01804906,-13.17976167,0.902439024,1.0359684139804362
2CXO J135851.1-475300,209.7129586,-47.88341026,314.465261,13.472979,15.568,14.705,19.71862657,19.47641788,18.62371665,-13.38890915,0.926829268,1.7485576873139066
2CXO J135905.8-474012,209.7742251,-47.67026563,314.564396,13.667502,15.346,14.785,19.06881968,19.17053138,18.43208215,-13.34746944,0.87804878,2.267078487915357
2CXO J135943.7-473443,209.9322166,-47.5786246,314.695249,13.727289,15.551,14.546,19.08354488,19.39215206,18.67832226,-9999.0,0.829268293,1.8681941368334818
2CXO J140311.4-412232,210.7977528,-41.3757171,317.125153,19.510061,15.815,14.845,19.04889397,19.17457627,18.79503168,-13.86970906,0.926829268,2.2227229476081463
2CXO J140901.3-433008,212.2554996,-43.50236582,317.534032,17.1587,15.495,14.291,18.7857028,18.97934278,18.43645911,-13.28563688,0.975609756,1.694377265779709
2CXO J140930.0-740856,212.3751933,-74.14909153,308.286336,-12.094442,16.129,15.063,19.76247304,19.91104559,19.31879176,-13.64417335,0.731707317,1.8915272255013835
2CXO J140953.3-422534,212.4722175,-42.42621677,318.0443,18.131738,15.728,14.688,18.86426348,19.08185162,18.52376839,-13.24674134,0.951219512,1.45515247533229
2CXO J141012.1-422530,212.550581,-42.42513706,318.102425,18.114545,15.728,14.58,20.74046528,21.37573318,19.8781332,-13.41951376,0.902439024,1.843830633329372
2CXO J141012.7-423942,212.5532405,-42.66169704,318.025944,17.889437,14.309,13.158,18.42356214,18.5761547,18.1817434,-13.02305062,0.951219512,1.1481430453519226
2CXO J141022.6-432600,212.5944068,-43.43344458,317.801103,17.147462,16.801,15.708,20.10953151,20.18189112,19.8882729,-13.31457089,0.731707317,1.7042437369124075
2CXO J141115.8-431956,212.8159932,-43.33226666,317.994498,17.192519,15.933,14.657,19.82804721,19.9904673,19.51344502,-13.08381997,0.87804878,1.2246229073582202
2CXO J141614.6-440226,214.0608726,-44.04065619,318.641293,16.228986,14.649,13.184,17.72646824,17.96147967,17.31781552,-13.33492276,0.975609756,1.5869806532189665
2CXO J141707.8-435200,214.2825398,-43.86668055,318.858894,16.33901,15.763,14.873,18.98777177,19.15072954,18.57884897,-13.04556898,0.975609756,1.5863465718695144
2CXO J141758.9-440713,214.4959235,-44.12042206,318.919355,16.048185,16.142,15.145,19.63690919,19.85657285,19.2467086,-13.48057494,0.975609756,1.2838326997249485
2CXO J142034.3-493316,215.1429377,-49.55447577,317.434134,10.790919,16.739,15.487,20.09238613,20.25626253,19.67274205,-14.50060485,0.682926829,1.899691880959588
2CXO J142306.1-393350,215.7756056,-39.56402363,321.557576,19.969458,14.144,13.187,17.68825494,17.80040851,17.24270668,-12.80574039,0.951219512,1.1268176108857082
2CXO J142431.9-491354,216.1330383,-49.23190485,318.163748,10.866904,13.012,11.915,17.07198867,17.23471498,16.63912697,-12.51213663,0.731707317,0.8702898953483641
2CXO J143244.5-442021,218.1853017,-44.33930462,321.386186,14.872236,13.217,12.485,18.70768692,18.38207165,17.3226036,-12.430523,0.756097561,1.138955353533036
2CXO J143308.5-440228,218.2857482,-44.04135581,321.576484,15.117535,16.179,14.88,20.30662791,20.64878266,20.19370081,-13.79679392,0.87804878,1.2478209966806662
2CXO J144639.9-402425,221.6669347,-40.40719009,325.539433,17.352162,15.91,14.975,18.82278291,18.95560376,18.55802054,-13.30991213,0.926829268,2.15041374629927
2CXO J144651.5-402523,221.714965,-40.42303541,325.566189,17.321567,15.93,15.477,19.63632567,19.86236108,19.28429567,-13.92766196,0.804878049,2.2515236192076866
2CXO J144756.5-402445,221.9856538,-40.4127018,325.763627,17.23769,16.625,15.521,19.39545536,19.60088606,19.17167924,-13.45011712,0.87804878,2.2093866358129803
2CXO J150134.3-414806,225.3930571,-41.80191126,327.429297,14.79702,17.064,16.524,19.83630914,20.08423576,19.36227747,-13.73015208,0.804878049,2.1482508859456857
2CXO J150304.3-420639,225.7682087,-42.11087457,327.520722,14.390251,15.283,14.605,20.15358627,20.56787085,18.82327906,-14.4143437,0.731707317,3.1468347592964863
2CXO J150308.7-413510,225.7863722,-41.58624674,327.803822,14.837883,16.431,15.557,20.05886809,20.30443684,19.69300607,-9999.0,0.902439024,1.4924876688582496
2CXO J150311.6-415759,225.7982095,-41.96658875,327.615083,14.504116,14.241,13.409,19.01265273,18.71537229,17.89762355,-13.70602117,0.829268293,0.8945686108653801
2CXO J150354.5-414732,225.9775229,-41.79230624,327.824676,14.588024,15.479,14.528,19.56012925,19.54239498,19.3892277,-13.34375951,0.87804878,1.0894623437904793
2CXO J150410.7-415046,226.0448048,-41.84611966,327.841499,14.516295,16.475,15.923,20.36411439,20.77314868,19.98792411,-14.03805971,0.902439024,2.059955793269716
2CXO J150428.0-415727,226.116907,-41.95760569,327.831406,14.392952,16.79,16.629,19.75525967,20.07105517,19.21176952,-13.65871755,0.585365854,2.548131807471835
2CXO J150431.8-432325,226.1326806,-43.39052125,327.100166,13.148367,15.614,14.611,19.96521919,20.09708284,19.618621,-13.70431162,0.780487805,1.0407045109695483
2CXO J150447.5-432331,226.1982628,-43.3921504,327.141656,13.123042,15.083,13.998,18.63674963,18.73647394,18.21009811,-13.09473398,0.975609756,1.1957167569759062
2CXO J150524.7-433301,226.3530569,-43.55040565,327.15959,12.929757,16.444,15.757,19.77313055,19.95495721,19.39463161,-13.62546239,0.902439024,1.532008199417626
2CXO J150536.4-432909,226.4020923,-43.48588711,327.224481,12.967541,15.769,14.904,20.0684444,20.04101725,19.70067623,-13.2488175,0.902439024,0.7806093242082888
2CXO J150553.0-433433,226.4710416,-43.57595636,327.222082,12.864556,14.883,14.362,19.3840259,19.54159727,18.37111298,-12.50809072,0.756097561,1.3433195403073157
2CXO J150740.5-403610,226.9190439,-40.60304794,329.082635,15.250301,15.944,15.287,19.90458556,20.13159747,19.53373806,-13.04770183,0.902439024,1.742106123512013
2CXO J150757.3-402811,226.9890959,-40.46983862,329.201299,15.336774,15.432,14.69,18.47503817,18.66594475,18.0388651,-12.69954539,0.951219512,1.4555954484783171
2CXO J150834.9-403926,227.1456464,-40.65741982,329.20588,15.114712,16.556,15.54,20.33317608,20.35533385,20.04943612,-13.60204552,0.853658537,1.2050931581738262
2CXO J151251.4-360454,228.2141937,-36.08173438,332.486927,18.546752,14.572,13.374,18.27639774,18.32662051,18.08329755,-12.98381954,0.707317073,0.996124323527654
2CXO J151259.4-361024,228.2475402,-36.17352304,332.458189,18.455058,15.798,14.761,20.21941656,20.07774894,19.79128107,-13.08830775,0.902439024,1.7808855250902247
2CXO J151302.2-360920,228.2595008,-36.15581705,332.476879,18.464674,16.754,15.682,20.22932373,20.20417052,19.71053504,-13.12488544,0.804878049,1.5623995223194527
2CXO J151332.8-361223,228.3870248,-36.20666993,332.538723,18.365993,16.657,15.745,20.07230299,20.19188047,19.61040721,-13.26648741,0.87804878,1.6645905421666498
2CXO J151342.6-355900,228.4276918,-35.9835969,332.696029,18.535034,16.745,15.606,20.29343362,20.33296085,19.93703394,-13.19959169,0.87804878,1.40696289980359
2CXO J151942.9-375251,229.9291758,-37.88098605,332.645995,16.290504,15.291,14.96,20.10645499,20.17609109,18.75576708,-12.37759096,0.780487805,2.1984990670475573
2CXO J153634.7-494316,234.144612,-49.7213604,328.278913,4.846592,14.647,14.07,19.36965795,19.00715615,18.05727955,-12.93636513,0.756097561,0.7682992767009729
2CXO J153653.0-505901,234.2207725,-50.98371475,327.572184,3.798124,14.473,13.599,17.91693507,18.09200353,17.71644801,-13.06457599,0.658536585,1.7022543678631243
2CXO J154655.1-375051,236.7294717,-37.84765434,337.118791,13.112567,15.425,14.778,19.58762941,19.93142379,19.16327228,-14.17432011,0.609756098,1.7382141547831713
2CXO J154700.7-375902,236.7530746,-37.98407166,337.044902,12.995199,15.465,14.214,19.08831857,19.32885331,18.71791468,-13.27912769,0.682926829,1.5447738470996706
2CXO J154754.4-375644,236.9767863,-37.94573046,337.209753,12.912937,16.29,14.865,19.29000647,19.40152833,18.90146575,-14.01804435,0.707317073,1.751253881727537
2CXO J154831.5-780837,237.1314624,-78.14385515,311.624415,-18.380576,17.034,16.17,20.57164604,20.54695097,20.2027464,-13.85514827,0.756097561,1.655888656209386
2CXO J154850.1-780543,237.2090351,-78.09552673,311.670487,-18.354522,15.104,13.854,19.30399963,19.76005385,18.74803313,-13.2334615,0.902439024,1.4060839370908713
2CXO J154932.5-780902,237.385529,-78.15079112,311.661116,-18.420054,15.387,14.446,19.65318721,19.60482167,18.94729716,-12.73681245,0.902439024,0.5952843295482956
2CXO J155203.5-442047,238.0148224,-44.34662526,333.687956,7.474572,15.538,14.76,19.31098037,19.53574162,18.91671979,-13.24648033,0.756097561,1.3607418248186625
2CXO J160157.4-753929,240.4893575,-75.65834275,313.967467,-17.05001,15.956,15.054,20.46722294,20.25587501,19.99369883,-13.64509642,1.0,0.8008710490675868
2CXO J160322.5-755136,240.8436874,-75.8602904,313.88764,-17.256316,15.872,14.704,20.21471495,20.39400071,19.79765998,-12.89923776,0.975609756,1.7876917352767423
2CXO J160623.7-275046,241.5991133,-27.84616345,347.211451,17.816988,15.412,14.182,20.1102861,20.34705097,19.73344076,-9999.0,0.756097561,1.520948134019525
2CXO J160923.7-320834,242.3488134,-32.14287003,344.56218,14.29509,14.165,12.914,18.15811731,18.44308845,17.56489354,-13.00183197,0.804878049,1.3900733567537693
2CXO J160959.8-320545,242.4992394,-32.09593409,344.690043,14.239607,14.894,14.168,18.81880348,18.99520607,18.33942805,-13.03209628,0.682926829,1.412368393873391
2CXO J161143.2-354150,242.9304157,-35.69740111,342.375236,11.410214,16.414,15.519,19.63951958,19.86646738,19.38378468,-13.77496247,0.634146341,1.8977034897018676
2CXO J161229.4-584332,243.1226686,-58.72586408,326.572471,-5.415224,14.708,14.133,19.25497435,18.99677665,18.39721719,-12.88350566,0.756097561,0.7106702580022444
2CXO J161419.1-281019,243.5798948,-28.17194498,348.256978,16.345412,15.855,14.639,18.85711213,18.96701812,18.47728741,-13.53266398,0.56097561,1.5111683310219843
2CXO J161646.9-225739,244.195469,-22.96087434,352.642531,19.517145,14.682,13.424,19.3086069,19.68117109,18.78846141,-13.17065943,0.804878049,1.4162887147465577
2CXO J161704.4-225117,244.2683237,-22.85493952,352.773521,19.539156,15.408,14.055,19.10045751,19.18558475,18.76604744,-13.92986975,0.585365854,1.4436518647844274
2CXO J163156.2-745644,247.9844454,-74.94562219,315.875282,-17.948304,15.723,15.02,20.67695427,20.44685615,19.81908168,-13.67351486,0.951219512,0.8958529022342604
2CXO J163310.9-745955,248.2963532,-74.99919019,315.886301,-18.044741,14.391,13.421,19.11868497,19.1087734,18.6003783,-12.75971206,0.975609756,0.5488391491026552
2CXO J163613.3-681726,249.0558935,-68.29065586,321.39299,-13.915429,15.944,15.383,20.44120447,20.16885986,19.45576935,-13.14603324,0.682926829,1.030125644788378
2CXO J163805.5-682654,249.5232459,-68.44854869,321.383089,-14.148915,16.486,15.667,20.23838537,20.48886608,19.97366582,-14.00446295,0.87804878,1.7338633187336214
2CXO J163814.5-682321,249.5607817,-68.38922123,321.439146,-14.121432,16.276,15.099,19.6297519,19.6680954,19.36155333,-13.18157029,0.87804878,1.4413326789829048
2CXO J163929.2-682801,249.8719814,-68.46719176,321.452822,-14.259254,17.043,16.157,20.11915575,20.44688571,19.91716476,-13.82201638,0.87804878,1.7138777068191913
2CXO J164026.7-682926,250.1115382,-68.49069405,321.491819,-14.342002,14.042,12.924,19.96192835,20.86216389,18.87985897,-13.16558674,0.87804878,2.8949340407971578
2CXO J165724.8-601442,254.353988,-60.24517855,329.277964,-10.665285,14.964,13.721,19.98806672,20.48171456,19.18876361,-13.24014035,0.609756098,1.75373222195351
2CXO J165835.3-601408,254.6474015,-60.23556955,329.375266,-10.775571,14.643,13.368,17.98073279,18.16422494,17.53545014,-13.06180118,0.780487805,1.4470135526286654
2CXO J165844.4-601209,254.6855977,-60.20262956,329.413666,-10.770888,16.609,16.264,20.03431149,20.12273358,19.57449126,-14.15671281,0.682926829,2.3462941605536893
2CXO J165848.3-600622,254.7012409,-60.10639334,329.496661,-10.719185,15.764,15.101,19.73415962,,,-13.89514945,0.609756098,1.8101598381606516
2CXO J165909.5-532026,254.7898832,-53.34079082,334.963878,-6.647305,14.301,13.356,17.64497089,17.79753149,17.10951093,-12.6924311,0.829268293,1.364088691005437
2CXO J165917.2-601517,254.8219167,-60.25492305,329.412533,-10.856416,15.276,14.237,19.35074321,19.38364344,18.83415636,-13.40478431,0.707317073,1.2568637118264854
2CXO J165935.5-523547,254.8979468,-52.59652562,335.596208,-6.243121,16.515,15.579,19.58745697,19.81630151,19.65427331,-13.43934696,0.682926829,1.4527980175161233
2CXO J170259.5-485931,255.7482681,-48.99200361,338.795022,-4.471514,14.717,13.821,18.21188039,18.29933202,18.15943116,-12.87939108,0.512195122,1.338945910219112
2CXO J170542.6-095552,256.4275207,-9.931234561,11.096507,18.154868,14.652,13.705,19.43627772,19.16009711,18.81111059,-13.00408128,0.682926829,0.7637595738383081
2CXO J170630.8-100330,256.6284036,-10.05848822,11.097493,17.919642,13.216,12.054,18.1765658,18.45953733,17.34935959,-12.8680607,0.780487805,1.3084376610738833
2CXO J170813.7-251553,257.057104,-25.26487835,358.442985,8.958137,15.299,13.877,18.62207183,18.65440994,17.98581137,-12.61758799,0.731707317,1.3054889275139714
2CXO J171110.5-604443,257.793868,-60.74549715,329.876004,-12.331452,15.75,14.703,19.88021781,20.25741539,19.3655256,-13.92546891,0.87804878,1.5581173498123555
2CXO J171211.3-232705,258.0471117,-23.45148344,0.469001,9.274363,14.275,13.695,18.21884394,,,-13.13334658,0.512195122,1.343227175672054
2CXO J171536.0-624820,258.900379,-62.80526933,328.415739,-13.910638,16.735,15.488,20.57570208,20.77137014,20.44846221,-13.70896304,0.682926829,1.4962632080812812
2CXO J171631.3-625119,259.1305845,-62.85542049,328.431357,-14.026117,15.856,14.751,20.0339834,20.14324745,19.46332293,-13.41633881,0.902439024,1.4372844808027962
2CXO J171802.4-624914,259.509941,-62.8209651,328.557777,-14.153171,17.176,15.802,20.37559957,20.58548416,19.93437719,-13.67692019,0.926829268,1.715475161728429
2CXO J171857.4-624742,259.7397468,-62.7957299,328.637907,-14.228203,15.266,14.099,19.13949937,19.60184192,18.41816114,-13.58643694,0.87804878,1.636389868156637
2CXO J171858.6-183012,259.7445185,-18.50360491,5.526028,10.755247,13.913,13.221,19.30414067,19.12553887,18.38474683,-12.62812622,0.87804878,0.48682886218096433
2CXO J172028.9-005655,260.1206667,-0.948562854,21.232326,19.658427,16.872,15.652,19.43155003,19.53817412,19.12523686,-13.36339729,0.682926829,1.8892833841983832
2CXO J172225.6-001855,260.6068791,-0.315547834,22.070686,19.542975,13.785,12.402,17.01983945,17.1276765,16.68524002,-13.10713563,0.756097561,1.4265571936636616
2CXO J172305.9-650723,260.7748195,-65.12331977,326.834542,-15.837764,17.016,16.1,20.52111966,20.77555265,20.1628196,-13.94821135,0.951219512,1.8045168265026035
2CXO J172330.0-645937,260.8751958,-64.99366328,326.972734,-15.807347,16.144,15.413,19.38988786,19.4905075,19.08012731,-13.71066931,0.853658537,2.2361739377695886
2CXO J172421.1-645945,261.0880075,-64.99605356,327.01855,-15.885801,16.003,15.398,20.58397933,20.77581385,20.13680541,-14.30742571,0.926829268,1.5473217426910193
2CXO J172739.4-141653,261.9141761,-14.28146576,10.290213,11.293392,15.102,13.551,18.30975225,18.54916252,17.84995839,-13.29125438,0.634146341,1.8646031143424238
2CXO J172806.7-140924,262.0280213,-14.15673188,10.457719,11.265957,15.177,14.354,19.10171387,19.27700455,18.68526931,-12.85577462,0.756097561,1.019831690250304
2CXO J173111.0-670708,262.7961123,-67.11912746,325.453502,-17.541225,16.937,16.604,20.60271874,20.74418529,20.32654644,-14.52707454,0.780487805,2.589649541205022
2CXO J173224.2-670514,263.1010243,-67.08736269,325.542364,-17.630147,15.298,15.029,20.44741258,,,-14.23694909,0.56097561,2.060509619048757
2CXO J173650.4-595913,264.2102142,-59.98708212,332.259458,-14.624846,16.307,15.58,20.33946124,20.78028842,19.89745755,-13.70361809,0.902439024,1.850862053393064
2CXO J173656.7-563052,264.2365161,-56.51457168,335.371199,-12.914557,15.464,14.346,19.83094751,19.87124797,19.5334009,-14.24993217,0.609756098,1.320781037157674
2CXO J173702.7-562905,264.261624,-56.48495859,335.404615,-12.911707,15.517,14.273,19.11408301,19.44983311,18.72555553,-14.16364928,0.780487805,1.53654096882419
2CXO J173711.8-563528,264.2993477,-56.59139509,335.320765,-12.983006,16.55,15.688,20.20569296,20.71471229,19.75970979,-13.73018705,0.902439024,1.8022127758582211
2CXO J173713.8-030920,264.307856,-3.155798809,21.358564,14.929234,16.273,14.975,19.22577454,19.13013842,18.82181889,-13.76900993,0.756097561,1.7769781731048266
2CXO J173759.3-595353,264.4974192,-59.89807098,332.41241,-14.706832,15.956,15.053,19.67794151,19.60966407,18.83231523,-13.03241546,0.829268293,1.3786397682938343
2CXO J173815.7-562444,264.5658943,-56.41249456,335.555221,-13.021207,16.537,15.62,20.20871568,20.48281668,19.78653502,-13.87801073,0.707317073,1.663005542523423
2CXO J174202.1-534021,265.5089257,-53.67264074,338.266896,-12.130152,16.442,15.656,20.25509166,20.43673776,19.7288215,-13.865488,0.731707317,2.0635863383389337
2CXO J175430.7-610103,268.6280522,-61.01739666,332.352148,-17.029512,15.387,14.418,19.99998802,19.85281178,19.29850259,-13.33260111,0.829268293,1.327151007162194
2CXO J175441.2-605414,268.6715747,-60.90378326,332.468875,-16.999581,17.369,16.475,20.45176932,20.80219138,20.41288358,-13.66056791,0.731707317,1.8185267443076132
2CXO J180036.6-415141,270.1528185,-41.86160557,350.308494,-9.119739,15.513,15.163,20.03965007,,,-13.44815504,0.56097561,2.07491867008441
2CXO J180106.8-415007,270.2786443,-41.83541057,350.376995,-9.189723,15.805,15.55,20.13401856,20.18081484,19.57718411,-13.75718801,0.780487805,1.64927139222108
2CXO J180112.6+134532,270.3028242,13.75908037,39.871037,17.240705,16.421,15.189,19.9402949,20.35982845,19.36934815,-13.58183158,0.87804878,1.623282517144869
2CXO J180147.3+135331,270.4471508,13.89217762,40.05872,17.168509,16.011,14.73,19.56785247,19.83868643,19.27279068,-13.40660235,0.731707317,1.2802548492235077
2CXO J180153.6+135021,270.4734567,13.83928555,40.01947,17.123308,15.983,14.846,19.80955232,19.930733,19.54417582,-13.46867225,0.902439024,1.1696554485218102
2CXO J180303.7+045153,270.7654185,4.864788217,31.772542,12.971457,16.544,15.866,20.24702717,20.35093631,19.67975621,-13.71103958,0.829268293,2.178075324238806
2CXO J180500.5+105950,271.2523743,10.99721487,37.671068,15.233946,14.948,14.209,18.09184438,18.49058256,17.50465994,-14.44670879,0.804878049,2.532229375317811
2CXO J180520.4+105649,271.3352238,10.94716178,37.660337,15.139007,14.524,13.655,19.25017215,19.14974174,18.87049592,-12.89012224,0.87804878,0.7797455718961365
2CXO J180635.3-433032,271.6474107,-43.50916627,349.350678,-10.860845,14.637,13.56,19.14636986,19.31237232,18.5899744,-13.05079186,0.731707317,1.2209606549948222
2CXO J181007.7+174734,272.5320474,17.79293406,44.639853,16.933277,16.497,15.734,20.02095451,20.11700658,19.76288404,-13.71899015,0.975609756,1.882936592126593
2CXO J181151.7+013132,272.9658021,1.525747368,29.757156,9.497525,15.566,14.087,18.4492888,18.62481273,18.07108649,-13.79607097,0.56097561,1.9495359578517577
2CXO J181242.9-573828,273.1787573,-57.64135953,336.574222,-17.762759,15.964,15.014,20.38165169,20.45851902,19.94365059,-13.79906269,0.756097561,1.7969968183785887
2CXO J181259.5-613728,273.2480163,-61.62473835,332.699735,-19.303912,15.712,14.719,20.35400825,20.36036726,20.04958916,-13.18332855,0.975609756,1.5622946371310957
2CXO J181303.9-573713,273.2661474,-57.62056668,336.613432,-17.797792,15.492,14.574,19.04394053,19.18510719,18.70244619,-13.26039665,0.780487805,2.2273543980954233
2CXO J181346.1-613041,273.4419935,-61.5116317,332.847158,-19.348289,16.042,14.839,19.89463608,20.05109048,19.53122204,-13.40229685,0.804878049,1.3272002681765824
2CXO J181347.3+182042,273.4471026,18.34518362,45.533353,16.359757,16.533,15.484,20.4815757,20.72959359,20.00585926,-13.73631361,0.829268293,1.2215836294161708
2CXO J181358.9+184810,273.495709,18.80285856,45.989503,16.501757,15.91,14.738,20.44651109,20.43355398,19.76694246,-14.22652085,0.975609756,0.8740594385785321
2CXO J181709.4+273116,274.2892408,27.5212698,54.744985,19.166801,14.031,13.251,19.19626312,19.02473755,18.15729014,-12.6880413,0.853658537,0.8769060993689408
2CXO J181724.7-360844,274.3530464,-36.14581968,356.97059,-9.360791,14.005,12.863,18.73054083,,,-13.60277922,0.634146341,1.5755883752871969
2CXO J181815.3+142130,274.563972,14.35856584,42.231498,13.737522,16.03,15.069,19.9076639,20.05168454,19.77902812,-13.46794682,0.804878049,1.3907548405974692
2CXO J181858.3+142709,274.7431002,14.45254761,42.394544,13.619894,15.808,14.708,19.74613386,19.87272103,19.3593606,-13.68772805,0.902439024,1.1903492584958888
2CXO J181916.0+142409,274.8169222,14.40263861,42.379056,13.534012,16.849,15.83,20.33110453,20.5063389,20.05134608,-13.59711552,0.756097561,1.3495416230107495
2CXO J182042.7+070609,275.1782961,7.102649104,35.817228,10.045188,14.994,14.515,18.47242081,,,-12.88999979,0.585365854,2.0847053148319943
2CXO J182507.3+302434,276.2806017,30.40954886,58.256646,18.587219,16.205,16.335,20.45144849,20.88325821,19.06377278,-14.08593029,0.634146341,4.139919667879282
2CXO J182516.1+302054,276.3172221,30.34840499,58.208511,18.535698,15.707,14.663,19.42126114,19.4599479,18.80717761,-13.72967347,0.975609756,1.5114948538765218
2CXO J182530.9+301845,276.379161,30.3125555,58.193628,18.472896,15.932,15.163,19.9577187,20.09175835,19.73983132,-13.28144898,0.975609756,1.2418304688235735
2CXO J183035.7+290850,277.6491421,29.1473104,57.48296,17.018315,16.174,15.104,20.16516349,20.22916275,19.66712919,-13.19205882,0.926829268,1.2715260780882551
2CXO J183108.3-322610,277.7846179,-32.43623059,1.619223,-10.260735,16.296,14.864,19.71395314,19.97472944,19.27748484,-13.53794592,0.658536585,1.6025652158446666
2CXO J183159.7-341103,277.9988408,-34.18435833,0.092185,-11.175537,14.931,13.895,19.45228933,19.660217,19.08380556,-13.5504947,0.902439024,1.4037728422089706
2CXO J183242.3-341210,278.1765161,-34.20292628,0.139043,-11.316359,15.151,14.358,19.51855593,20.13374605,18.8202551,-14.06961733,0.853658537,1.9083052377181766
2CXO J183521.1+330854,278.8380482,33.14834054,61.770164,17.553301,16.04,15.013,19.87851794,20.02829222,19.48213026,-13.46727558,1.0,1.3002232289368572
2CXO J183532.2+325504,278.8842769,32.91795345,61.560149,17.433053,16.397,15.285,20.19511145,20.42043396,19.68051713,-13.53586987,1.0,1.380996019107865
2CXO J183602.0-325843,279.0087133,-32.97871137,1.569863,-11.42384,15.135,14.246,18.1362538,18.22364836,17.53610912,-9999.0,0.780487805,2.054164297671328
2CXO J183602.2+330602,279.0094756,33.1006558,61.778621,17.402236,16.356,15.268,20.50231503,20.60796917,20.13998997,-13.60477191,0.926829268,1.7367911422993851
2CXO J183748.5+384201,279.4524856,38.70058294,67.426663,19.04927,15.234,14.2,18.64839894,18.76923065,18.4233617,-9999.0,0.975609756,1.1553738339364066
2CXO J183826.4+171059,279.6102183,17.18309336,46.955541,10.538865,13.763,12.883,17.2583012,17.38691921,16.79584985,-13.53312117,0.634146341,1.804823253304925
2CXO J183845.0+171434,279.687683,17.2430162,47.042834,10.497637,16.524,16.171,20.00892392,19.90128748,19.2322041,-13.85749455,0.536585366,1.95606468013077
2CXO J183856.5+164944,279.7356205,16.82914522,46.682665,10.278809,15.225,14.068,19.72980903,20.188343,19.32916084,-13.55098705,0.682926829,1.3012520845360462
2CXO J184103.4-414808,280.2645598,-41.80250672,353.673005,-15.896833,16.524,16.624,20.27546552,20.80420931,20.23365654,-14.08989781,0.634146341,2.5191589552010454
2CXO J184106.6-414529,280.277462,-41.75826573,353.719342,-15.888854,15.806,14.471,19.4261478,19.66195173,19.15474938,-14.15015798,0.707317073,1.410053754453331
2CXO J184202.0-282926,280.5086446,-28.49058476,6.267897,-10.685971,14.279,13.843,19.01318421,19.03494045,18.49047755,-13.95713109,0.609756098,1.5147011493330302
2CXO J184204.7-284232,280.5197185,-28.70905524,6.070846,-10.78767,15.051,14.142,19.01129253,19.26141501,18.60552542,-12.87010915,1.0,1.6765761160973347
2CXO J184205.7-283712,280.5236713,-28.62016124,6.154256,-10.753029,16.634,15.307,19.52247488,19.60932194,19.00575545,-13.59740613,0.87804878,1.8080877015752828
2CXO J184310.0+404215,280.7918406,40.70439717,69.789561,18.766675,16.284,15.663,20.61796844,20.69642602,20.37425278,-13.3094464,0.902439024,1.1912617652408644
2CXO J184342.0-482912,280.9250274,-48.4869558,347.32364,-18.755534,16.678,15.414,19.96338114,20.21386376,19.73867475,-13.86777339,0.804878049,1.6668078444389263
2CXO J184930.4+184019,282.3768466,18.67221215,49.469805,8.805867,15.068,13.8,18.46340094,18.71816796,18.13368869,-13.57508653,0.658536585,1.466190039766804
2CXO J184945.0-264925,282.4375274,-26.82375012,8.542435,-11.531845,15.305,14.645,19.85978496,,,-13.23418981,0.707317073,1.2125829364864422
2CXO J185001.8+183449,282.5077094,18.5805251,49.440868,8.65432,16.087,14.775,19.01020028,19.24240536,18.76164249,-13.37818634,0.756097561,1.643009690410974
2CXO J185005.4-265721,282.5225817,-26.9558522,8.452279,-11.655965,14.381,13.771,18.95723524,19.11328677,18.74797704,-13.96496922,0.56097561,1.4640241100748077
2CXO J185022.2-270100,282.5926743,-27.01678587,8.422331,-11.738149,15.713,15.055,19.84745469,,,-13.17448322,0.609756098,1.1741561215892682
2CXO J185258.1+330119,283.2424403,33.02204177,63.11046,14.093563,16.645,15.581,19.98174535,20.19749291,19.69081791,-13.13055939,1.0,1.666411421821846
2CXO J185325.2+330341,283.3552116,33.06164384,63.186688,14.022591,16.545,15.766,19.62284222,19.84124993,19.31187382,-13.39935606,0.975609756,1.7999095139877748
2CXO J185430.0-084806,283.6251296,-8.801923376,25.427744,-4.67633,16.298,14.273,18.83290548,19.0129536,18.35219128,-13.49067861,0.634146341,2.010196653427391
2CXO J185651.9-375344,284.2164437,-37.89591113,358.632931,-17.260111,14.659,13.666,17.28737961,17.47005476,16.94346648,-9999.0,0.658536585,2.626822909150139
2CXO J185834.5+375729,284.6437867,37.95828878,68.262219,14.988229,15.642,14.946,19.43129448,19.58388492,19.07905476,-13.59123731,1.0,1.637342961506627
2CXO J185929.3+223405,284.8721062,22.5680495,54.045305,8.40301,15.102,14.336,19.41214807,19.47663135,18.91080633,-12.50026202,0.829268293,1.1092062865421162
2CXO J190603.9+401526,286.5164443,40.25738376,71.039303,14.557181,15.684,14.753,18.85947675,19.03149558,18.48373252,-13.26249553,0.902439024,2.4836733310241743
2CXO J190627.1+401810,286.6132935,40.30285592,71.112764,14.50748,16.375,15.464,19.91467618,20.31606181,19.54578419,-14.06129688,0.975609756,1.7012810707069426
2CXO J190631.0+400905,286.6295811,40.15141841,70.974436,14.435728,16.981,16.121,19.96538614,19.92674095,19.34655444,-14.37696777,0.829268293,3.3418302832318845
2CXO J190725.0+401446,286.8542226,40.24612649,71.134854,14.316301,16.686,15.577,20.30105939,20.64773627,19.89480011,-13.72560859,0.682926829,1.3418128821096347
2CXO J190759.6-380333,286.9986411,-38.05940601,359.282363,-19.371002,15.435,14.228,18.56336248,18.90624763,18.22247912,-13.53491565,0.536585366,1.8010760232025786
2CXO J190823.2+343328,287.0969722,34.55780974,65.893737,11.799798,16.602,15.901,20.23788761,20.29135708,19.13134708,-13.10191558,0.780487805,1.8719680896111444
2CXO J190823.7+385052,287.0988625,38.84777994,69.895524,13.578552,15.781,14.466,19.10285636,19.28594775,18.72177877,-13.23488089,0.926829268,1.412174905846267
2CXO J190830.1+385544,287.1256396,38.92900778,69.98057,13.592643,17.13,16.209,19.97829766,19.99768228,19.65492083,-13.54913718,0.829268293,2.2849369063389506
2CXO J190834.0+343236,287.1421395,34.54335374,65.896383,11.759971,15.437,14.192,19.43315602,19.63854108,19.20222742,-13.36732348,0.951219512,1.2879593415539354
2CXO J190854.0+343505,287.2251471,34.58476699,65.964212,11.715505,14.824,13.791,19.34920754,19.36071366,18.93023648,-13.76677823,0.829268293,0.8527831822593269
2CXO J190938.5-373734,287.4107169,-37.62635645,359.831244,-19.530886,14.324,13.23,18.73120402,18.91734761,18.31330957,-14.16872961,0.609756098,1.4541731754602125
2CXO J190953.2+492701,287.4719181,49.45048126,80.144758,17.454575,16.068,14.553,19.53129692,19.58691125,19.25812494,-14.63041446,1.0,1.543246685430741
2CXO J191015.1+445732,287.5632563,44.95910686,75.831411,15.697332,14.561,13.53,18.60658236,18.57542621,18.31883631,-12.47747974,0.902439024,0.8502820245711411
2CXO J191018.5+445342,287.577209,44.89505734,75.774114,15.66332,15.559,14.177,18.98145513,19.19305987,18.61642112,-13.25232872,1.0,1.4959248025134602
2CXO J191019.9+444807,287.5832791,44.80206833,75.686909,15.62315,16.294,14.986,19.85430869,20.05389832,19.49583949,-9999.0,0.975609756,1.9516313317466683
2CXO J191027.5-374639,287.6147944,-37.77773911,359.7375,-19.733845,15.028,13.981,19.16003473,19.22797065,18.82542641,-13.35537641,0.707317073,1.2378016285619444
2CXO J191101.5+445644,287.7565341,44.94576332,75.874006,15.566166,15.56,14.251,19.58957449,19.87744906,19.24517062,-14.14493327,0.975609756,1.2690412588657345
2CXO J191129.8+445620,287.8743432,44.93900641,75.901422,15.486785,16.096,14.815,19.21081234,19.35260612,18.92609936,-13.58580672,0.975609756,1.7927249406134595
2CXO J191144.7+494938,287.936495,49.82722141,80.628072,17.314185,15.897,14.511,19.39522132,19.74706693,18.90601671,-13.83346987,1.0,1.7916249401191116
2CXO J191245.7+495314,288.1907885,49.88731582,80.750402,17.184419,15.689,15.547,19.76732342,20.03937078,19.38935451,-13.82511656,0.804878049,2.1455447497905413
2CXO J191255.5+495003,288.2313426,49.8342817,80.70916,17.140336,15.134,14.719,19.25859323,19.30315213,18.96535398,-13.05016251,0.926829268,1.458065521259577
2CXO J191543.8-240906,288.9327814,-24.15176337,13.498412,-15.812311,16.213,14.866,19.69600273,19.90417729,19.32577738,-13.63356903,0.829268293,1.603927260244397
2CXO J191611.1-333230,289.0462806,-33.54176788,4.384368,-19.383798,17.512,16.474,19.95914183,20.27288982,19.86357314,-13.7601675,0.926829268,2.5078738997629815
2CXO J191641.8-333802,289.1745244,-33.63404833,4.331746,-19.51596,16.293,15.03,20.30005226,20.24556396,20.08587245,-13.94761258,0.951219512,1.569002649584323
2CXO J191642.7-333110,289.1779624,-33.51962529,4.446702,-19.479108,14.663,13.691,19.19241094,18.99170663,18.34969358,-13.33144651,1.0,1.1665601346613916
2CXO J191649.2-334453,289.2050226,-33.74807097,4.227457,-19.579098,15.134,14.534,20.23405344,20.15856251,18.99001719,-13.33686952,0.902439024,1.381968656448577
2CXO J191701.6-161425,289.2569057,-16.24059474,21.085978,-12.869709,15.67,14.332,20.04722202,20.11593452,19.55416438,-13.91811472,0.87804878,1.0190199027079503
2CXO J191705.3-161115,289.2721472,-16.18773653,21.141481,-12.860749,15.555,14.187,19.21447484,19.32564464,18.83127052,-13.97174796,0.902439024,1.2716698701350007
2CXO J191724.4-333151,289.3517046,-33.53105802,4.488371,-19.61899,14.536,13.42,18.88399747,18.93913373,18.61551317,-13.34959445,0.975609756,1.2130331877200788
2CXO J191724.7-160241,289.3531025,-16.04498334,21.307886,-12.87122,14.923,13.887,20.01632023,20.33032544,19.36616692,-13.44655797,0.731707317,1.4990108473611459
2CXO J191731.2-333053,289.380047,-33.51488229,4.513134,-19.6356,16.631,15.536,20.33120433,20.82880744,19.58964037,-13.95232326,0.951219512,1.7470956157504813
2CXO J191734.5-333235,289.3941411,-33.54311188,4.489287,-19.65635,15.332,14.203,18.81715246,19.02937006,18.34493895,-13.56711198,0.975609756,1.4713382106070594
2CXO J191738.0-333800,289.4083517,-33.63339634,4.403572,-19.698509,15.564,14.501,20.34262462,20.39578515,19.8145198,-13.80909853,0.951219512,1.3976208207358831
2CXO J191755.5-333022,289.4815993,-33.50618593,4.552743,-19.712112,16.258,15.17,18.91456847,19.0704923,18.5359725,-12.78268153,0.926829268,1.4825746993867965
2CXO J191828.6+414522,289.6192251,41.75633885,73.433596,13.03356,15.114,13.92,18.03006706,18.25640816,17.60689197,-13.38730051,1.0,2.4134404678696875
2CXO J191844.8+414935,289.6869993,41.82654307,73.520792,13.017278,16.103,15.337,20.29298274,20.14101387,19.44970082,-13.03418462,0.975609756,0.8574155662419612
2CXO J191910.3+413224,289.7930201,41.54006086,73.288632,12.824565,16.054,14.924,19.21101535,19.42373634,18.82131434,-13.36691314,1.0,1.6844574314522014
2CXO J191911.0+414311,289.7961504,41.71981052,73.456731,12.898446,14.495,13.683,18.80922159,,,-13.18156816,0.926829268,1.2370731021612194
2CXO J191918.9+412737,289.8291364,41.46039398,73.226365,12.766328,14.372,13.265,18.69312167,18.71221821,18.54998265,-12.54761841,0.853658537,0.7398859880074693
2CXO J191928.3+492858,289.8679983,49.48294385,80.795552,16.02723,15.593,15.107,20.33520568,20.08768199,19.41923717,-13.61091455,0.87804878,1.3747526942531534
2CXO J192153.6+435149,290.4735956,43.86387232,75.667966,13.353068,16.956,16.514,20.62624121,21.13124278,20.21968228,-13.86224557,0.87804878,2.673352208990341
2CXO J192422.8+510512,291.0951601,51.08685865,82.650686,15.945386,15.573,14.221,18.62875688,18.81822064,18.28741127,-13.4901471,1.0,1.6089702895747653
2CXO J192517.0+413054,291.3208895,41.51512121,73.769319,11.781325,16.364,15.643,20.29764238,20.52059419,20.09202106,-12.94496184,0.853658537,1.3588314994218011
2CXO J192558.2+423849,291.4928003,42.64709753,74.867307,12.160724,15.851,15.007,20.09336192,20.00168103,19.70684924,-13.43064439,1.0,1.2749509213189711
2CXO J192558.8+505759,291.49515,50.96653912,82.641788,15.66665,14.733,14.353,18.98008858,19.05437744,18.48410423,-13.76501311,0.780487805,1.710989243292508
2CXO J192605.9+413359,291.5246133,41.56638014,73.884634,11.666738,14.902,13.898,19.09128245,19.03518021,18.30849845,-12.67410288,0.926829268,0.7684591229421908
2CXO J192626.1+504327,291.6089272,50.72436174,82.442523,15.502423,15.36,14.767,20.04349528,20.01114288,19.5326513,-12.92673889,0.926829268,0.7623081701750212
2CXO J192631.5+412949,291.6316559,41.49695222,73.856956,11.564238,16.605,15.591,20.39420367,20.48928864,20.42408574,-13.77481834,0.902439024,1.052251925034251
2CXO J192638.1+412846,291.6588457,41.47949153,73.850115,11.538261,15.594,15.119,20.48918742,20.4287097,19.8174197,-13.32187412,0.87804878,1.3634016829924573
2CXO J193121.6-031855,292.8401988,-3.315348018,34.529839,-10.390839,15.229,14.112,18.25674523,18.55688004,17.92500809,-12.61436584,0.829268293,1.380168808219612
2CXO J193128.2-033749,292.8677105,-3.630466297,34.256863,-10.558173,15.973,14.931,19.24958485,19.23779879,18.9673216,-14.12988945,0.658536585,1.5322216709276573
2CXO J193219.2+301514,293.080003,30.25392855,64.302183,5.35526,16.177,14.787,19.87065682,20.09305938,19.25613415,-13.65796801,0.536585366,1.5720106081156637
2CXO J193239.3+381927,293.1642062,38.32438083,71.519109,9.082929,14.577,13.415,18.34066017,18.50129941,18.02422205,-13.40030232,0.707317073,1.3520463729367167
2CXO J193459.6+302808,293.748567,30.46887796,64.768516,4.951189,13.568,12.288,17.41296615,17.40667961,17.09118063,-13.78152964,0.682926829,1.1172529277939134
2CXO J193523.1+573947,293.8463897,57.66319312,89.601533,17.130026,15.465,14.311,19.24182492,19.46829533,18.89582765,-9999.0,0.951219512,1.2824344512767578
2CXO J193810.8+540856,294.5447223,54.14888602,86.444747,15.308886,12.013,10.935,15.99345495,16.10373749,15.5418866,-12.33955474,0.902439024,0.5299121670451065
2CXO J193824.6+541146,294.6025248,54.19628221,86.504178,15.298632,15.541,14.43,18.56806126,18.75287862,18.15467008,-13.75921337,0.951219512,2.2013067124020127
2CXO J193855.0+540149,294.7290132,54.03041199,86.382005,15.160378,15.889,14.878,20.34067237,20.26333537,19.99004277,-13.42536316,0.951219512,0.7189058449952451
2CXO J193903.3+541631,294.7635986,54.27538995,86.620155,15.247612,16.951,15.85,20.33884787,20.23689974,19.80694376,-13.89266189,0.975609756,1.6769146410787021
2CXO J193931.5+604630,294.8813893,60.77514525,92.810457,17.904791,16.176,14.711,19.66999148,19.78288958,19.34153968,-13.86125363,1.0,1.9226352856959141
2CXO J194127.5+503558,295.3647545,50.59954988,83.38172,13.298984,16.574,15.628,19.6732719,19.9734379,19.38071807,-13.68472273,0.87804878,1.620798360776336
2CXO J194137.4+502408,295.406004,50.40244256,83.213144,13.186677,15.2,14.154,19.16412115,19.74604979,18.44715256,-14.3084164,0.731707317,1.8413477089977015
2CXO J194157.2+502826,295.4884546,50.47399853,83.303075,13.172163,15.469,14.236,19.14595018,19.20033089,19.03602916,-14.52771859,0.829268293,1.1895948364852302
2CXO J194202.8+502337,295.5118754,50.39380477,83.236566,13.122575,16.93,15.508,20.10474736,20.22158715,19.83255476,-13.90162321,0.780487805,1.4623157264186788
2CXO J194227.7+452243,295.6156706,45.3786508,78.719648,10.749735,14.623,13.793,17.78646756,18.04143978,17.32185363,-13.21629568,0.731707317,2.151607187154512
2CXO J194403.3+503738,296.0136977,50.62737782,83.599117,12.944702,17.37,16.644,20.41274334,20.32988414,19.83105328,-13.66512555,0.926829268,1.9191056228146899
2CXO J194423.6+503352,296.0983197,50.56453634,83.567048,12.868169,16.204,15.989,20.54221265,19.81392095,20.01427244,-14.00262989,0.731707317,1.6629391154405926
2CXO J194427.3+503740,296.114082,50.62800759,83.629614,12.888383,15.96,14.775,20.02811418,20.27480499,19.64416368,-13.61799744,0.902439024,1.0730414974642195
2CXO J194434.5+503626,296.1438361,50.60748488,83.619792,12.862193,17.402,16.549,20.20969564,20.12140555,20.0335011,-13.94768228,0.902439024,2.886719822694149
2CXO J194501.9+502709,296.2582236,50.45249491,83.512939,12.726357,16.287,15.192,20.28547495,20.61833987,19.81888708,-13.29984286,0.926829268,1.1634874824579011
2CXO J194556.0+503208,296.483645,50.53565728,83.656425,12.637561,15.745,15.381,19.79188803,19.98708866,19.5373617,-13.49634833,0.780487805,1.8502838027959612
2CXO J194639.8+444702,296.66613,44.78395499,78.545169,9.814679,14.733,13.904,18.84319966,18.69423169,18.54239765,-13.05330735,0.756097561,1.000295427601803
2CXO J195041.7+561401,297.6739963,56.23372254,89.197949,14.6305,16.343,15.023,19.93479019,20.05880382,19.83133849,-13.92377752,0.853658537,1.2364916592999964
2CXO J195113.2+112652,297.8050036,11.44787524,50.064005,-7.727399,15.352,14.605,20.01930951,20.03466984,19.34782895,-13.00595597,0.926829268,0.6953324154543005
2CXO J195113.3+112343,297.8057864,11.39537468,50.018412,-7.754155,15.419,14.372,19.62622548,19.50460868,19.28883034,-13.66290377,0.780487805,0.9537008615261037
2CXO J195114.3+112004,297.809636,11.33461951,49.96709,-7.787616,15.151,14.522,19.60461857,19.61592642,19.26648293,-13.45915035,0.853658537,0.9589453301251543
2CXO J195202.9-012549,298.0124459,-1.430318457,38.668813,-14.119762,13.752,12.955,18.37919798,18.29975497,17.70976501,-12.78984951,0.87804878,0.9281541593288679
2CXO J195203.6+560923,298.0152455,56.15649438,89.217239,14.426387,14.701,13.485,17.79566015,17.95959245,17.52082008,-13.25404051,0.829268293,1.2610931537317003
2CXO J195204.6+023433,298.019379,2.575960209,42.302921,-12.240475,14.934,13.602,18.95518481,19.3745096,18.43506962,-13.68507441,0.902439024,1.4771361084929342
2CXO J195305.2+441740,298.2718583,44.29455494,78.679297,8.57701,15.33,14.095,19.26431619,19.67007579,18.74981457,-13.50992335,0.780487805,1.5386634492792148
2CXO J195416.2+183904,298.5679035,18.65125457,56.69576,-4.730894,15.995,15.774,20.11755,20.19302763,19.69191212,-13.84147223,0.609756098,1.968088069918994
2CXO J195731.0+503442,299.3792863,50.57851867,84.594397,11.0429,15.452,15.376,20.27373214,20.2317889,19.73786778,-13.44487849,0.756097561,1.5468239782452022
2CXO J195919.7+403937,299.8325639,40.6605631,76.112762,5.740481,15.263,13.918,18.63567338,18.66221248,18.40022769,-13.44454017,0.609756098,1.2620885011269078
2CXO J195928.1+405356,299.8677889,40.89908527,76.331748,5.841167,16.027,15.107,19.33851819,19.6934062,18.98533417,-13.78901384,0.682926829,1.9848182002748143
2CXO J195932.5+404849,299.8859218,40.81375564,76.265518,5.785239,15.609,14.63,19.59586817,19.50971517,19.28543906,-14.11709375,0.634146341,1.189553756567457
2CXO J195936.0+405002,299.9003557,40.83394387,76.288562,5.786358,15.517,14.449,19.13808396,19.492736,18.76325015,-13.73779568,0.609756098,1.467290925914293
2CXO J195938.4+404917,299.9105076,40.82160419,76.281956,5.773393,16.115,14.958,19.42668696,19.731231,19.02530615,-13.64041314,0.756097561,1.9387187055586572
2CXO J200233.4+055317,300.6391671,5.888206255,46.569076,-12.917775,15.191,14.074,19.32065465,19.37953121,18.89958794,-13.31332765,0.975609756,1.529822883227817
2CXO J200829.5+002220,302.1229681,0.372429465,42.328371,-16.896778,17.12,16.024,20.47543464,20.37922316,19.93536428,-13.87023587,0.756097561,1.6429525348807579
2CXO J201649.0+055913,304.2045869,5.987074644,48.48949,-15.939013,15.753,14.796,19.95177785,20.19582063,19.6120197,-12.91200551,1.0,1.1167839446620271
2CXO J201731.4+060211,304.3809937,6.036474099,48.626346,-16.065155,16.722,15.634,19.86483434,19.98735136,19.5874972,-13.56413535,0.829268293,1.663564214792844
2CXO J201912.0+113751,304.7999733,11.63100232,53.797414,-13.519719,14.39,13.182,18.42989473,18.64772176,17.95639912,-13.89638896,0.707317073,1.131724938487464
2CXO J201959.5+113013,304.9978572,11.50369207,53.791655,-13.751581,15.463,14.49,19.67152943,19.85434729,19.22382023,-13.37863761,0.853658537,1.7007028706624643
2CXO J202226.7+074116,305.6114216,7.687847591,50.754723,-16.266321,17.545,16.322,20.02274265,20.13676018,19.75796041,-13.70168236,0.87804878,2.0328870152978102
2CXO J202308.1+203639,305.7840434,20.61094003,62.017688,-9.43695,15.68,14.831,19.60270338,19.56377132,19.4291221,-13.22773119,0.951219512,1.1138793877039612
2CXO J202841.7+214231,307.1740548,21.70869473,63.677721,-9.892287,16.685,15.627,19.85213029,20.0029348,19.48623629,-14.13970256,0.707317073,2.0464812763228326
2CXO J203011.3+090746,307.5473657,9.129575178,53.086295,-17.137559,17.337,16.22,20.38957915,20.71619785,19.97347927,-13.12713847,0.87804878,1.5650755229490303
2CXO J203106.6+091359,307.7776158,9.233282646,53.305082,-17.274458,15.271,14.314,19.64670614,19.53137966,19.2903842,-13.64764434,0.853658537,1.0644797884420676
2CXO J203336.7+095229,308.4032614,9.874725104,54.219174,-17.450353,15.779,14.651,19.15352743,19.44356363,18.65157026,-13.62856648,0.975609756,2.0101367849008387
2CXO J203400.3+595920,308.5011705,59.988878,95.517545,11.666634,16.054,14.822,19.68711929,19.90253462,19.36615729,-13.64931582,0.756097561,1.3056391142855512
2CXO J203406.3+064512,308.5263292,6.753540701,51.507146,-19.219582,16.096,15.069,19.9838744,19.91757402,19.70339336,-13.54486613,1.0,0.998239515974643
2CXO J203408.9+065044,308.5374436,6.845706017,51.596208,-19.180312,16.374,15.292,20.49933132,20.33811314,19.89960366,-13.69243177,0.951219512,1.4248025903793542
2CXO J203430.0+601531,308.6257649,60.25896228,95.779821,11.77078,14.867,13.458,18.13455343,18.49014888,17.64230285,-13.39411176,0.56097561,1.6732415539012666
2CXO J203440.7+065646,308.669931,6.9462954,51.76025,-19.238805,16.946,15.71,18.18724514,18.41254408,17.82048152,-13.62342249,0.756097561,1.638968255167957
2CXO J203521.3+601914,308.8393137,60.32075656,95.89364,11.719769,16.34,15.364,19.03403411,19.2863755,18.72341205,-13.56168222,0.634146341,2.1763502464244135
2CXO J203703.6+253559,309.2653934,25.59988999,68.019619,-9.202507,15.794,14.729,19.56840819,19.73161626,19.25311359,-13.75273689,0.829268293,1.101159796284735
2CXO J204033.4+153521,310.1395803,15.58935062,60.159336,-15.686297,15.364,14.981,20.43024085,20.05729718,18.92307561,-13.10599803,0.975609756,1.6192607753084396
2CXO J204125.6+750226,310.35691,75.04065676,108.870321,19.539651,15.702,14.417,18.7034689,18.82746024,18.35437081,-13.68019254,0.56097561,1.9438140527458199
2CXO J204247.0+750241,310.6959545,75.04483876,108.924941,19.46877,15.344,14.085,18.32840541,18.4718286,17.9005799,-13.48905021,0.585365854,1.9215500523369777
2CXO J204320.7+172011,310.836606,17.33652156,62.041176,-15.228411,16.699,16.157,20.34511881,20.345199,19.87609174,-13.6887354,0.926829268,1.9559395501094388
2CXO J204620.1+703621,311.5838683,70.6059136,105.228377,16.742909,14.098,12.939,17.84466708,17.92928127,17.60230979,-12.89909321,0.87804878,1.1373045403005262
2CXO J204703.0+105126,311.7625668,10.85742843,57.003928,-19.667764,17.166,16.236,20.65351333,20.97083937,19.98659359,-13.92212122,0.87804878,2.14164014964722
2CXO J204708.7+104851,311.7863753,10.81425765,56.979937,-19.711356,17.305,16.2,20.46921582,20.42831085,19.8099864,-14.19495485,0.926829268,1.7549516754396963
2CXO J204907.7+121939,312.2821883,12.32771824,58.594958,-19.254871,17.142,16.142,19.95104595,19.91508334,19.67351009,-14.16108905,0.756097561,2.622214015678239
2CXO J204931.6+293737,312.3819418,29.62696277,72.95808,-8.963376,16.221,15.171,19.95560324,20.03398926,19.62855164,-13.98814719,0.87804878,1.3042763506897053
2CXO J205328.2+320901,313.3676438,32.15039018,75.482257,-8.040906,14.568,13.618,18.38751017,18.34216811,18.05213759,-9999.0,0.731707317,0.8421012237091137
2CXO J205450.7+321408,313.7114708,32.23574513,75.73532,-8.211744,15.66,14.542,18.25385415,18.4066199,17.91131159,-13.5160538,0.658536585,2.093693958900263
2CXO J205452.6+321411,313.7194161,32.23663583,75.740331,-8.216366,14.984,14.19,19.72690612,19.5927901,19.24461275,-13.08542671,0.585365854,0.723554325601421
2CXO J205537.3+320843,313.905611,32.14541996,75.770574,-8.395959,15.305,14.543,19.46824213,19.16622687,18.47946503,-13.04006722,0.87804878,1.2714466153021668
2CXO J205545.5+301657,313.9396979,30.28258616,74.333502,-9.602789,16.059,15.096,20.34385107,20.32841406,20.08247457,-13.62752129,0.87804878,1.0289144115788609
2CXO J205607.7+302658,314.0324445,30.44958141,74.515874,-9.5586,15.923,14.571,19.45336345,19.49203291,19.14562659,-13.30836467,0.87804878,1.2726209986634114
2CXO J205609.5+254450,314.039738,25.74730601,70.802024,-12.529862,15.33,14.52,19.56423585,19.74508355,19.13501405,-12.82856341,0.87804878,0.7370264297970434
2CXO J205615.2+254201,314.0633518,25.70032826,70.778125,-12.575854,15.267,14.227,17.92770065,18.09057599,17.5697722,-12.98566112,0.707317073,1.6071139405917703
2CXO J205623.1+315133,314.0965902,31.85920698,75.652066,-8.703228,15.925,15.059,18.95931947,19.14217969,18.60090623,-14.38586784,0.707317073,2.2059179519651626
2CXO J205642.0+300940,314.1752321,30.16120617,74.369541,-9.83708,15.975,14.962,19.63089088,19.51563686,18.6124964,-13.58992668,0.87804878,1.6013481890664607
2CXO J205709.2+300855,314.2886358,30.14879078,74.423169,-9.920614,14.962,14.198,19.76351919,20.20460171,19.00825457,-13.48962421,0.87804878,1.2892356981819932
2CXO J205718.4+305928,314.3268511,30.99115917,75.102588,-9.408685,16.364,15.324,20.23769358,20.83449405,19.92673478,-13.1645385,0.975609756,1.3321383198969179
2CXO J205718.5+170641,314.3272966,17.11161466,63.908807,-18.050752,17.086,16.605,20.48660866,20.18327166,19.76945374,-14.09150224,0.829268293,2.831952025059242
2CXO J205722.4+170937,314.3434443,17.16045844,63.959589,-18.033653,16.478,15.231,19.34476235,19.65682195,18.83881889,-14.55058553,0.829268293,1.7180908772253296
2CXO J205735.8+310531,314.3991528,31.09212398,75.221429,-9.391807,15.659,14.664,19.84351557,19.89623132,19.54642896,-13.94696599,0.756097561,1.1295904447871374
2CXO J210046.1+544313,315.1920767,54.72038157,93.568492,5.584867,15.596,14.787,18.65172667,18.40662373,18.68092788,-12.54148503,0.536585366,1.6283955109963681
2CXO J210143.4+762326,315.4309004,76.39073153,110.804085,19.295678,15.108,14.103,18.91718769,18.92568459,18.60268503,-13.95266936,0.634146341,1.3441298944018312
2CXO J210151.4+363850,315.4645321,36.64741454,80.072099,-6.464941,16.328,15.573,19.5673088,19.75679289,19.24617725,-13.07430301,0.829268293,1.8174876729355989
2CXO J210442.4+295002,316.1767826,29.83414723,75.250326,-11.37403,14.612,13.809,18.57424099,18.67023116,18.1822404,-12.68460418,0.902439024,0.8788158009259793
2CXO J210605.2+242631,316.5217015,24.4419581,71.228777,-15.095758,16.19,14.926,19.99633021,19.94776131,19.63209561,-13.10743209,0.585365854,0.9690042078746512
2CXO J210644.4+233859,316.6852199,23.64995728,70.697408,-15.717966,15.386,14.407,18.4949139,18.83440266,17.93662943,-13.41930673,0.829268293,1.7683864125137818
2CXO J210649.1+233336,316.7048472,23.55997545,70.63756,-15.789398,16.554,15.825,19.57989029,19.63389943,19.23665129,-13.39606814,0.707317073,2.0710473432681935
2CXO J210651.7+234321,316.7155132,23.72248895,70.773724,-15.692805,13.607,12.38,18.11340081,18.12757394,17.67103893,-13.40167808,0.804878049,1.219501524900781
2CXO J210658.0+233110,316.7421249,23.51956816,70.628048,-15.841522,17.336,16.581,20.08380162,20.32568507,19.71170999,-14.32865093,0.731707317,2.39746086137436
2CXO J210703.1+233022,316.7631114,23.50613895,70.63014,-15.864902,16.018,14.64,19.65645901,19.76270799,19.2092034,-13.26597672,0.902439024,1.6850196096401526
2CXO J210802.0+233513,317.0086199,23.58710899,70.844891,-15.985588,15.24,14.347,18.73329938,19.1170071,18.07465709,-13.27998762,0.902439024,2.0705498400651328
2CXO J211034.2+213313,317.6426414,21.55383481,69.60847,-17.739713,17.54,16.352,20.35722492,20.50697668,19.88667917,-13.73557102,0.682926829,2.1224780930947422
2CXO J211802.9+263600,319.5123818,26.60056305,74.754984,-15.716651,16.925,15.914,20.51103956,20.68509452,20.12616009,-12.95616188,0.87804878,1.3171643921438507
2CXO J211926.1+334015,319.8588553,33.67096715,80.292252,-11.124275,16.817,14.857,19.64138239,19.8309438,19.3454726,-13.95597396,0.829268293,1.9320405866415464
2CXO J211934.2+333931,319.8927954,33.65877214,80.303101,-11.153143,16.95,17.102,20.4011714,20.82225352,19.45106925,-13.96446056,0.56097561,3.0237564573391813
2CXO J212207.7+231826,320.532295,23.30730274,72.844314,-18.609473,16.98,15.67,19.64531432,19.67789237,19.39875179,-14.03480955,0.756097561,2.0299759857403985
2CXO J212248.7+231313,320.7031786,23.22046947,72.887176,-18.784223,17.151,15.83,20.17218661,20.37303368,19.87261199,-13.6529266,0.756097561,2.243760299220134
2CXO J212923.8+271956,322.3495388,27.33220819,77.112517,-17.063514,16.7,15.704,20.4485082,20.42334414,19.97594599,-13.76861455,0.926829268,1.3498925386641605
2CXO J212932.2+272500,322.3844792,27.4168641,77.198693,-17.026892,15.809,15.284,20.17531984,,,-13.63653853,0.56097561,1.8564600647202454
2CXO J213055.1+470949,322.7299128,47.1636821,91.426798,-3.068768,14.87,14.092,18.91495924,18.93863279,18.65394463,-13.37886391,0.512195122,1.0633524191892416
2CXO J213510.6+271634,323.7942761,27.27624906,78.015024,-18.017801,16.412,15.439,19.24204675,19.44308069,18.85732404,-13.32288218,0.756097561,1.8986528394920532
2CXO J213521.1+272011,323.8381979,27.33654636,78.088868,-18.002726,15.582,14.767,18.67047384,18.91787519,18.20871479,-12.81964138,0.926829268,1.6589879189221965
2CXO J214400.7+280610,326.0031686,28.10295614,80.100842,-18.787176,16.865,15.846,20.54972682,20.64420819,20.11848763,-13.59161104,0.87804878,1.4958964214059685
2CXO J214400.7+281127,326.0033337,28.19088366,80.164635,-18.723282,15.317,13.986,18.53140459,18.77846748,18.20485659,-13.35284066,0.975609756,1.3976574480331074
2CXO J214401.3+381723,326.0056269,38.28990467,87.20739,-11.253938,14.355,13.33,17.35130925,17.46060476,16.98023437,-13.55508121,0.682926829,2.3006517587628097
2CXO J214421.1+280830,326.0882537,28.14185419,80.186723,-18.810294,15.014,14.078,19.92776975,19.95466428,19.32322015,-13.23575592,0.951219512,0.9322202795363357
2CXO J215147.6+285226,327.9485383,28.87416665,81.985598,-19.374932,15.826,14.908,20.02188818,20.16564465,19.65966127,-9999.0,0.926829268,0.8467465519897053
2CXO J215504.3+380808,328.7679929,38.13568833,88.793968,-12.779157,14.263,13.09,19.23629707,19.15226515,18.53271888,-13.06003147,0.804878049,1.2551731855101742
2CXO J215528.4+374925,328.8686638,37.82364905,88.653651,-13.070639,14.648,14.06,18.1599425,18.39995937,17.5633733,-13.20599217,0.585365854,1.6235348579988218
2CXO J215528.5+380315,328.8688358,38.05419965,88.803844,-12.892498,14.368,13.526,18.77870942,18.80660078,18.03189094,-12.92783423,0.756097561,0.6488430388770512
2CXO J215540.6+374928,328.9194344,37.82460176,88.686101,-13.09534,15.318,14.658,20.1792901,19.86611678,18.94883307,-13.54948948,0.853658537,1.4078741749446702
2CXO J215541.2+380503,328.9218768,38.08419059,88.856478,-12.895767,16.09,15.366,19.31066019,19.24008638,19.01187573,-13.92479883,0.609756098,1.7633799277136526
2CXO J215552.4+375707,328.9685931,37.95205627,88.79982,-13.021327,15.726,14.688,19.69669022,19.98926066,19.20887776,-13.73328946,0.731707317,1.35149254864942
2CXO J220804.9+454140,332.020465,45.6944985,95.443211,-8.278787,15.481,14.752,19.28538859,19.35856363,18.88507862,-9999.0,0.756097561,1.3387268322440478
2CXO J220856.3+455510,332.2344219,45.91960132,95.698698,-8.184026,15.248,14.059,18.08047998,18.27934541,17.73571437,-9999.0,0.585365854,1.851707975688433
2CXO J220912.5+454018,332.3024546,45.67184349,95.591046,-8.412688,15.659,14.374,19.24471698,19.45356737,18.79186554,-9999.0,0.756097561,1.3853300794877175
2CXO J221518.9+514615,333.8288569,51.77082429,99.937988,-3.992139,16.466,15.552,19.29654654,19.19612529,19.08502799,-13.39094379,0.609756098,1.589596415456993
2CXO J222217.1+360918,335.5712284,36.15523568,92.052482,-17.619476,16.072,15.041,20.0942522,20.22315698,19.63070826,-13.31235657,0.951219512,1.3820975098288104
2CXO J222750.2+782359,336.9588801,78.39975332,115.827744,17.56007,16.019,15.451,20.09919831,20.04583392,19.69376433,-13.7015805,0.707317073,1.373539594345138
2CXO J223103.3+391702,337.7640882,39.28410044,95.360998,-15.956832,16.685,15.236,19.80896329,20.01104319,19.47557217,-13.76269283,0.756097561,1.7475074966058342
2CXO J223110.6+392425,337.7945414,39.40695244,95.44968,-15.865324,16.081,15.444,19.38471888,19.65894993,18.88216319,-13.80908983,0.829268293,2.4081744650623973
2CXO J223125.0+392456,337.8545418,39.4156602,95.495323,-15.88257,16.118,15.28,20.37735484,20.24834115,19.88350249,-13.75811966,0.926829268,0.9557944775291642
2CXO J223137.8+392218,337.9075706,39.37182902,95.507265,-15.941465,15.542,14.429,19.44001734,19.45779156,19.16301386,-14.23038145,0.853658537,1.130795245235264
2CXO J223818.0+353157,339.5750927,35.53262929,94.574253,-19.904082,15.06,14.218,19.62630093,19.5988591,19.3073231,-13.61401901,0.902439024,0.9923895406571976
2CXO J223823.0+353246,339.5959892,35.54610805,94.597151,-19.901394,15.978,14.773,19.15655893,19.3828081,18.8929001,-13.14659033,1.0,1.3534948948220973
2CXO J224228.9+524610,340.6205964,52.76946528,104.018651,-5.301216,14.423,13.813,19.06417443,18.83483869,17.68766913,-12.17526503,0.731707317,1.1290778742321246
2CXO J224231.1+445011,340.6298947,44.83647044,100.16326,-12.260674,16.491,15.148,19.67348253,19.87548262,19.30034489,-13.88543735,0.56097561,2.1658663267609777
2CXO J224417.1+394739,341.0714228,39.79439379,97.91772,-16.822183,15.659,14.507,19.44188821,19.55959576,19.06500572,-13.30710045,0.951219512,1.299286101663196
2CXO J224418.2+444504,341.0760309,44.75131924,100.404987,-12.488131,16.917,15.707,19.90698706,19.8290913,19.57361145,-13.68759705,0.512195122,2.081291610663326
2CXO J224448.4+394136,341.2016733,39.69330386,97.957346,-16.959339,16.602,15.359,20.53558641,20.46976652,20.02543613,-14.12132871,0.902439024,1.4744927143829272
2CXO J224519.8+394056,341.332668,39.68224123,98.043737,-17.018142,16.325,15.063,19.50399556,19.67077545,19.13444652,-14.31917943,0.853658537,1.551830227628295
2CXO J230205.5+551131,345.5232591,55.19197771,107.689148,-4.410575,14.999,13.945,19.12938645,18.9332945,18.59943833,-12.6089464,0.731707317,0.591855838871501
2CXO J231753.3+430711,349.4723914,43.11999893,105.340152,-16.533449,17.227,16.538,20.13407875,20.41651449,19.4437278,-13.2871453,0.634146341,2.2659150809510016
2CXO J231905.1+425249,349.7715492,42.88020283,105.460892,-16.836755,16.632,15.576,19.92683722,19.76811679,19.49459613,-13.87207395,0.853658537,1.930272278857915
2CXO J231914.6+424725,349.8114373,42.79056164,105.455219,-16.930891,17.324,17.346,20.40954406,20.34551348,19.81925401,-14.3298632,0.585365854,3.3316309605493326
2CXO J232202.1+405700,350.5092143,40.95020677,105.266538,-18.834723,15.647,14.529,19.11194762,19.2516283,18.70760014,-13.33295465,0.926829268,1.3835250801515684
2CXO J232206.6+484641,350.5278114,48.77830591,108.12714,-11.508773,17.026,16.605,20.11549845,20.09540394,19.85452096,-13.91191988,0.634146341,2.3439194973629442
2CXO J232217.6+484811,350.5735537,48.80315612,108.16475,-11.495836,15.985,15.248,19.59206205,19.97373383,19.12581759,-13.43182634,0.902439024,1.9531435867426163
2CXO J232233.8+483955,350.6408555,48.66542883,108.158932,-11.640427,15.499,14.163,19.60180601,19.91662348,19.05338502,-14.24275556,0.853658537,1.5605590285524849
2CXO J232333.0+420742,350.8876262,42.12849179,105.984667,-17.832773,15.221,14.038,19.7403593,20.21386005,18.94537176,-13.69711267,0.951219512,1.5783614470414604
2CXO J232406.4+421153,351.02683,42.19813955,106.111756,-17.803478,17.074,15.843,19.89404434,19.96150871,19.43690655,-13.50984693,0.926829268,2.2076784683933948
2CXO J232429.2+421056,351.1220206,42.1822961,106.175464,-17.842807,16.901,16.466,20.19237382,20.49485809,19.58147849,-13.94491569,0.634146341,2.423847773780316
2CXO J232544.0+423610,351.4334149,42.60290429,106.553844,-17.526829,17.146,16.139,20.14208016,20.19265111,19.78081117,-13.69506806,0.951219512,2.2834840860281926
2CXO J232601.3+423217,351.5058267,42.53815029,106.583313,-17.605871,16.471,15.337,19.539247,19.65708221,19.2136148,-13.60850222,0.926829268,1.9410034802393203
2CXO J232610.6+424524,351.54447,42.75673604,106.689164,-17.409919,14.991,14.321,20.19789846,19.83549843,18.63526364,-13.43177107,0.902439024,1.4875658817905841
2CXO J232613.2+423519,351.5551844,42.58858988,106.637151,-17.570774,16.687,15.849,19.92593416,20.11630101,19.58096093,-13.36937766,0.975609756,1.1843568981350003
2CXO J234601.1+531316,356.5048301,53.22129744,113.119766,-8.399587,16.269,15.049,19.20106952,19.11093631,18.92085672,-13.9233754,0.658536585,1.9035455058271322
2CXO J234723.8+514137,356.849392,51.69367758,112.936835,-9.930951,16.344,15.3,20.28930948,20.26775215,19.87473179,-13.64223843,0.829268293,1.1614999689598546
2CXO J235901.6+440629,359.7568725,44.1081152,113.090651,-17.759842,14.9,13.98,18.83677055,18.93926666,18.5021309,-13.02304992,1.0,0.7251387413450597
2CXO J235928.0+440317,359.8670352,44.05486065,113.160089,-17.828596,14.73,13.763,20.50845363,20.3565628,19.177856,-12.92261738,0.87804878,1.2494841727036254
2CXO J235931.4+440529,359.8809363,44.09154253,113.178438,-17.79483,14.664,13.272,18.0505439,18.30501557,17.62096266,-13.10734327,0.951219512,1.4193747180150742
2CXO J235507.3+794626,358.7808222,79.77394237,120.341044,17.186609,16.164,15.159,19.99827329,20.11776815,19.30325047,-13.39939972,0.804878049,1.4377614449434117
2CXO J235538.8+795754,358.9121254,79.96517354,120.409804,17.367694,16.623,15.366,19.82180073,19.90933281,19.46529929,-13.40390099,0.804878049,1.6481359553700725
2CXO J001230.2+503402,3.1261074702032943,50.56723412857755,116.633096,-11.827745,15.53,14.8,20.44376320277214,20.324345634933472,19.33309196543312,-12.973932352814366,0.951219512195122,1.3523879903701548
2CXO J001436.3+791750,3.651702426395161,79.29724479268481,121.15536,16.552755,17.172,16.698,20.286108054195402,20.068598710147857,20.06582043224907,-13.884422190500377,0.7317073170731707,2.237024562278271
2CXO J004203.9+520528,10.516635472415942,52.091307557379544,121.46698,-10.753783,14.329,13.099,20.101723664802552,20.35661547799301,19.123632434696198,-13.399117712254174,0.7073170731707317,1.1559497203297908
2CXO J005035.6+511615,12.6485174035152,51.27104939811061,122.797179,-11.600479,16.71,15.37,20.110528022613526,20.058616084114075,19.50924055927849,-13.127046526782975,0.8292682926829268,1.27244215158982
2CXO J010805.3+540448,17.02217074834084,54.08024200360497,125.401061,-8.71166,15.528,14.514,19.722417573257445,19.694143411651613,19.11675442193222,-13.988483991354334,0.7073170731707317,1.1273148568895683
2CXO J014231.2+443950,25.630364533480588,44.66398317328819,132.408299,-17.265774,15.762,15.135,20.68999656991196,21.362747083042144,19.875087003170968,-13.585771210748481,1.0,1.9946448293672066
2CXO J014847.3+533233,27.197134542100457,53.54277147379976,131.485627,-8.373814,16.302,15.589,20.224116796230316,20.38508508421707,21.027700851768493,-13.603056758370833,0.7073170731707317,1.2477412812390904
2CXO J015523.4+435535,28.847478005709434,43.926581869909946,134.933969,-17.449738,16.848,15.827,20.481252220821382,20.658376771690367,20.400156663020134,-13.695516652315398,0.975609756097561,1.5284246052563843
2CXO J023909.9+405441,39.79133381041936,40.91143362612814,143.966917,-17.518863,16.213,15.813,20.732292882905007,19.265317722867966,20.511520408564568,-9999.0,0.6585365853658537,1.5974735743370305
2CXO J024030.0+385222,40.12481463797656,38.872769689885395,145.128624,-19.252766,16.783,15.912,20.83959128713226,20.55789355852699,20.243062653582097,-13.742628047092921,1.0,1.5694464197742672
2CXO J025021.5+464729,42.58985340826297,46.79145178141588,143.193379,-11.348529,16.955,15.727,20.2184973106575,20.578548854839326,20.346181839773177,-13.939367695303412,0.7560975609756098,1.7319077491220805
2CXO J025349.7+510552,43.45698000287649,51.09782136895345,141.729649,-7.251844,15.979,14.769,19.768524931232452,19.866306636802673,18.959941168899537,-13.403251667565502,0.7560975609756098,1.1822506536276105
2CXO J025359.1+413211,43.49650185220361,41.53655524468854,146.276502,-15.713817,17.524,16.148,20.48513621186447,20.491222351789474,20.285040076400758,-13.848678572363609,0.951219512195122,2.0959067153614517
2CXO J025410.5+511241,43.54390356673048,51.21165749992952,141.726066,-7.125676,15.003,14.058,19.937964370319367,19.773829461891175,19.67715969462204,-12.916788747643357,0.8048780487804879,1.0237079918233554
2CXO J025419.7+414525,43.58229676367819,41.75703093241448,146.227276,-15.489158,16.881,15.842,20.63905913356209,20.628792921869277,19.918513734337807,-14.09673122692499,0.926829268292683,1.6649210718395242
2CXO J025447.3+414043,43.69711656862705,41.67872365849046,146.344065,-15.517659,17.056,15.927,20.56772295156479,20.46190947206688,19.429853306946754,-13.254907584145503,0.951219512195122,1.6167015090271837
2CXO J025950.8+364941,44.96185935672304,36.82803455254832,149.717035,-19.27689,16.201,15.491,20.542813665809632,20.449327444190978,19.905775651380537,-13.968136182192708,0.975609756097561,1.155511570780093
2CXO J025951.2+365203,44.9635896541551,36.8674929514227,149.697363,-19.242048,16.384,15.134,20.4406615707016,20.284967063844682,19.8205737246418,-13.701953569575993,0.975609756097561,1.2695297256461233
2CXO J030011.2+365312,45.04695682988552,36.88671158230638,149.748257,-19.191978,17.047,15.978,20.378019519414902,20.144668531354903,19.710742004110337,-13.432570565915254,0.926829268292683,2.0471653073972766
2CXO J030136.7+355039,45.403004142185125,35.84444205538441,150.570106,-19.946215,16.047,15.055,20.319293703771592,20.444847802532195,19.76152327555466,-13.799929713650805,0.926829268292683,1.476122314123786
2CXO J030359.2+432026,45.99697923338505,43.340764682822616,147.038034,-13.240827,16.06,15.089,20.424456043992997,20.38803236159897,20.0030836759367,-13.347992151536904,0.975609756097561,0.9564245419065277
2CXO J031152.2+413354,47.967620953243056,41.5652240645856,149.260132,-14.017052,16.256,16.114,20.458729929832458,20.793303669984816,19.270388718503,-13.619991787946564,0.6829268292682927,3.871188763291786
2CXO J031216.7+412826,48.06974386393239,41.473996982697464,149.376728,-14.054118,16.846,15.696,20.613834908409117,20.872158059558867,19.72754529164791,-13.549279245099529,0.8292682926829268,1.4981856868739556
2CXO J031254.8+415010,48.22852822575476,41.83634465014999,149.282724,-13.683927,16.124,15.171,20.63120453296089,20.46887228914833,19.822955659909248,-13.613540934570732,1.0,0.7782328233744401
2CXO J031330.0+415206,48.37512875556075,41.86837892790367,149.36043,-13.598792,17.015,15.722,20.36949374071884,20.719699597921373,19.963871917907714,-14.12293238107325,0.8048780487804879,1.69385449106407
2CXO J031346.7+413258,48.4448546237478,41.54950808258549,149.580615,-13.840936,17.14,16.098,20.649798593738556,20.82230195570755,19.935702818344115,-13.89017202194433,0.8292682926829268,1.7702825745943565
2CXO J031357.0+404035,48.487573258538134,40.6764353874266,150.090052,-14.561623,16.516,15.497,20.268205279159545,20.477921618572235,19.936771865976333,-13.107619345016355,0.975609756097561,1.1404543959454252
2CXO J031701.0+415606,49.254476676211425,41.9352735305463,149.890973,-13.190797,15.598,14.821,20.377219438201905,20.203328881767273,19.788268844488144,-13.607182681413345,0.975609756097561,0.968765269910461
2CXO J031815.8+414623,49.56602343878012,41.77321548017594,150.181521,-13.200408,15.504,14.613,20.26912529938507,20.33277508426285,19.756813538921357,-13.501865270128196,0.926829268292683,1.0377927642786333
2CXO J031837.9+400458,49.65830018998474,40.08292358461344,151.196796,-14.575401,16.639,15.517,20.35315373887062,20.667387624523162,19.38497335457802,-13.744881797068896,0.7804878048780488,2.2760100818671574
2CXO J031840.2+420151,49.66758121515596,42.03100398519999,150.101796,-12.943236,15.506,14.742,20.458327375001907,20.025291811466218,19.32416325953865,-13.377695921305207,0.902439024390244,0.6232916170229835
2CXO J031855.2+410049,49.73034161948334,41.01373673176126,150.715618,-13.768084,17.156,16.168,20.446946902519226,20.20514115368271,19.816706507022857,-13.342038428751795,0.926829268292683,2.0121851700389173
2CXO J031856.0+421645,49.73361993401136,42.279402930345015,150.004393,-12.708547,16.069,15.045,20.34744340737915,20.090611695404053,19.564965967012405,-13.829623947951918,0.926829268292683,1.046461199831802
2CXO J031916.0+411436,49.816914570602194,41.24342108543683,150.641637,-13.540402,17.168,16.409,20.511548194044114,20.500577730487823,20.437359290737152,-13.697689239149563,0.8780487804878049,1.7481997508088916
2CXO J032205.6+412319,50.52333506425839,41.3887020794563,151.01267,-13.125344,17.601,15.948,20.403408895902633,20.45322640246582,19.928159642490385,-9999.0,0.7317073170731707,2.2957006626001575
2CXO J032310.4+405503,50.79354109728655,40.91763905029736,151.457016,-13.401464,15.71,15.241,20.224905091588973,20.360057725276945,19.649328703748704,-13.61321820595535,0.8780487804878049,1.6195791406932756
2CXO J032438.5+341511,51.160674033798216,34.253251827426936,155.673673,-18.701728,16.335,15.331,20.408853228185652,20.679928281837462,19.779279087080003,-13.585110457314164,0.8780487804878049,1.1880203245744378
2CXO J032438.7+341212,51.16134811089489,34.20342570742418,155.704793,-18.741906,16.059,14.965,20.459674869138716,19.911675897903443,19.601267157867433,-13.735175357530728,0.8292682926829268,0.8564084615322709
2CXO J032517.5+422704,51.32317001260492,42.451231201682965,150.905122,-11.912043,14.89,14.299,19.796304685401918,19.229919579200743,19.37702439742279,-13.367522512242326,0.7073170731707317,1.2221185866770599
2CXO J032520.2+404207,51.334449082847186,40.70213091010059,151.929331,-13.347532,17.079,16.723,20.265901668767928,20.696424447803498,19.496589395772933,-14.287184543751888,0.7073170731707317,3.6157006490023598
2CXO J033551.6+750848,53.965023662563965,75.14667334418354,133.009159,15.595276,16.239,15.103,20.267191475524903,20.533861650875092,19.817850203647613,-13.727546217512149,0.8048780487804879,1.5226458666940723
2CXO J040948.7+304141,62.45317151039103,30.69484292273954,165.676786,-15.266307,15.269,13.847,19.13810850883484,18.710570556472778,18.70458070240784,-13.568786359478137,0.6829268292682927,1.3065356039811866
2CXO J041512.3+234811,63.80135037201149,23.80312395916069,171.726563,-19.211379,16.075,15.0,19.790338202655793,19.917366835212707,18.866781688957214,-13.97108369187556,0.6829268292682927,1.612982580016812
2CXO J042720.3+710417,66.8344085948786,71.07164111910106,138.703942,15.160927,16.381,15.585,20.354423638320924,21.111780825416567,19.803017030059813,-13.313634908100047,0.8048780487804879,1.8014058155788677
2CXO J043144.8+422027,67.9370418581994,42.34094849680525,160.342102,-3.983252,15.971,14.745,19.46461912211609,19.61856124749756,18.987001929626466,-13.715467226452544,0.7317073170731707,1.393405425796478
2CXO J043228.0+692024,68.11665707191173,69.34016670077878,140.344123,14.342095,17.084,16.212,20.32858099994278,19.662072402435303,19.36106574331665,-13.977269212093404,0.7560975609756098,1.9673666065850575
2CXO J043510.0+730722,68.79177679128549,73.12299556080252,137.493466,16.954222,16.408,15.84,20.528715392925264,19.78994043894577,20.117802696099282,-12.809667129098091,0.975609756097561,1.2889850095147495
2CXO J050136.4+222928,75.40207503255021,22.491142761075924,179.819486,-11.81303,15.532,14.377,19.3517992997818,18.970320917625425,18.950639896190644,-12.596196180051917,0.8536585365853658,0.773763822801924
2CXO J050742.0+302633,76.92500682340471,30.44266189725752,174.154609,-6.00029,16.709,15.536,19.71016818231201,20.26245438054657,19.019015260608672,-13.848668009154931,0.6585365853658537,1.870602172199863
2CXO J050800.1+302703,77.0006078494327,30.45100721287793,174.186734,-5.942873,15.34,14.353,19.692021282585145,19.462824433380128,19.314648405929564,-13.641530805095691,0.7073170731707317,1.1254191005669187
2CXO J051633.2+062134,79.13862037518845,6.359687303446337,195.776006,-17.776994,16.775,15.511,20.663634910194396,20.083044236444472,20.319615304885865,-14.080444084248962,0.926829268292683,1.3733599322950727
2CXO J052438.0+015349,81.1586015870937,1.8970306612376424,200.897066,-18.288865,16.363,15.247,20.399186248163222,20.03678156171608,19.429464272122384,-14.159324357778052,0.975609756097561,1.7035007204359047
2CXO J052604.7+013822,81.51983386340493,1.6395972549397555,201.3196,-18.100429,15.302,14.887,20.656469413520814,21.87457913753319,20.137594313259125,-13.502556187278932,0.8536585365853658,3.7046642049101606
2CXO J052610.4+014158,81.54344328672971,1.6996276723552144,201.27668,-18.050472,17.025,16.079,20.58938691075325,20.718337333820344,20.066687228260992,-13.589579294287862,0.926829268292683,1.7245970675518871
2CXO J053756.4+210554,84.48500484463995,21.098551094856003,185.760495,-5.6009,16.107,15.254,19.63125485584259,19.468367651168823,19.253493616905214,-13.497977063319611,0.6829268292682927,1.3791740761957818
2CXO J054348.3+701522,85.95170688840193,70.25622421477125,143.047662,19.98285,17.007,16.3,20.654077245176314,20.415829087049485,19.982389836435317,-13.534361495386817,0.975609756097561,1.6653791198253876
2CXO J061611.8-220354,94.04941140806136,-22.065215871310205,229.335956,-17.314831,16.04,15.232,20.79584238903904,20.737681917546272,20.20172169254017,-13.403638652621725,0.951219512195122,1.0548612769510368
2CXO J061638.3-213059,94.1597371554767,-21.516419993603332,228.849059,-17.00622,16.332,15.716,20.694124917575838,20.53506057966232,19.690087724759103,-13.757255303690208,0.951219512195122,1.3327858796584717
2CXO J062719.8-043115,96.83257049132544,-4.520885138521952,214.227657,-7.417347,16.212,14.912,19.519680282455443,19.2817760987854,19.31701089850998,-13.396673668917753,0.6829268292682927,1.5997456789394318
2CXO J062738.2-043922,96.90941829722084,-4.656250097134826,214.384329,-7.410004,15.678,14.578,19.6416525622406,19.678232389945983,19.21762478058624,-13.744419276213845,0.7804878048780488,1.1817274342036521
2CXO J062851.3-310937,97.214098580861,-31.16028527404475,239.299613,-18.111027,15.743,15.375,20.135646966259003,,,-9999.0,0.6829268292682927,1.781868624983413
2CXO J062953.5-311558,97.47307253349628,-31.266354525315386,239.488191,-17.943246,15.037,14.796,20.765404635051727,,,-14.19996447063861,0.7073170731707317,1.810684818887027
2CXO J063715.9+184103,99.31654874674496,18.684187630392685,194.680444,5.392357,14.627,13.659,19.824272476661683,19.674627681777952,18.945237893592836,-13.147508209290729,0.6829268292682927,0.7242390903937852
2CXO J064508.2+211951,101.2842600690538,21.330902776160475,193.122098,8.225915,15.567,14.543,19.668647537410735,19.964721759872436,19.34558349869728,-13.769707892361877,0.8536585365853658,1.169094104418263
2CXO J065034.4+412600,102.6435852139516,41.433492028606786,174.719307,17.41155,16.563,15.92,20.45985953145981,21.03727289094162,19.73237230682373,-13.85687767330227,0.8048780487804879,2.6292838138214822
2CXO J070242.6+250937,105.67769512218284,25.160413719084087,191.323134,13.501446,16.49,15.448,20.328520293774606,20.161070775442123,19.899220791132926,-13.831218321876925,0.975609756097561,1.6014908607258806
2CXO J070714.9-552556,106.81229480047053,-55.43215542643656,265.915409,-19.917854,16.183,15.043,20.573948200857163,19.95888279009819,20.01426240263939,-13.846492784312648,0.926829268292683,1.5687681086265146
2CXO J071613.0+053512,109.05450433034524,5.586660709877934,210.751684,8.046438,15.286,14.417,19.508614543172836,19.709030056655884,19.21807611402321,-12.979939282867502,0.902439024390244,1.1551987833283972
2CXO J072033.6+174939,110.14020931442953,17.827745458776825,199.963433,14.298604,16.556,15.626,20.677557665086745,21.579958781730653,20.18759184046936,-13.461494348816773,0.902439024390244,2.2456834733664373
2CXO J072302.1-093319,110.75887127622237,-9.555536077709744,225.039684,2.574743,16.482,15.342,19.715227676704405,20.116404191711425,19.77539203889084,-13.372148840303717,0.6585365853658537,1.6300456626114836
2CXO J074503.1+020205,116.26310387614916,2.03484927355119,217.286851,12.848173,16.678,15.833,20.744415602184297,20.810581628227233,19.837059267614364,-14.190298708077414,0.926829268292683,1.751502211476488
2CXO J075747.0-604239,119.44587513278576,-60.71102737117064,273.760114,-15.866935,15.62,14.839,20.36144118606186,19.73931118157196,19.636465624702453,-9999.0,0.7560975609756098,1.6151892201903706
2CXO J080531.3-010114,121.38068728554776,-1.0205614140368189,222.550894,15.934797,16.855,15.535,20.81222673860216,20.673862700428963,20.027381191141366,-13.760999307765893,1.0,1.2316335375552854
2CXO J080536.1-010656,121.4006473393476,-1.115656219246297,222.647621,15.906704,17.164,16.377,20.742947702896593,20.79250635656166,20.28103236173868,-13.5850272417651,1.0,1.8045394054921278
2CXO J080914.4-103500,122.31019979045516,-10.58347319321627,231.575648,11.98006,16.893,15.724,20.28451736674309,20.326791475286484,20.100947315635683,-13.832659459842493,0.951219512195122,1.8620985996060082
2CXO J081540.9-031344,123.92067368456316,-3.2289794918084476,225.851954,17.075924,16.496,15.809,20.59764099234581,20.128206188358305,19.9142201486063,-13.440710916165562,0.975609756097561,1.589079533151183
2CXO J081548.0-031230,123.94992537302916,-3.208455395972874,225.848426,17.111461,16.544,15.26,20.64773345599842,20.82467819119644,20.011320253323554,-13.865142470689685,0.951219512195122,1.5844381905780216
2CXO J081607.3-074029,124.03072851995596,-7.674862378117046,229.904924,14.930577,17.253,16.464,20.530335904808044,20.582596444065093,20.08461372727394,-13.377004824158739,0.926829268292683,1.662578591104683
2CXO J081656.1-073201,124.2339868411753,-7.533940789486226,229.886475,15.175796,15.875,14.991,20.363992835645675,20.42878490784073,19.36669136854172,-13.768176216929998,0.902439024390244,0.9772803651118056
2CXO J082853.7-065139,127.22400025958645,-6.861109014807862,230.887367,18.062457,17.121,16.151,20.64642109145546,20.808401461024285,19.79706034947872,-14.069988292954285,0.975609756097561,1.7796611283837325
2CXO J083411.5-591113,128.54793081564765,-59.187230571616595,274.862079,-11.186605,17.216,16.421,20.45048388582039,20.496381695835115,19.97625623921585,-13.780484956758647,0.7804878048780488,1.8806535746368622
2CXO J084139.6-172311,130.4151990439969,-17.386389398958553,241.842226,14.871556,16.747,15.683,20.488032298648836,20.685926460518836,20.034561612954615,-13.10277233708472,0.975609756097561,1.156234688066838
2CXO J084157.9-174020,130.4913913809753,-17.67233832889825,242.12701,14.765497,15.913,15.322,20.620328966233252,20.526414982315064,20.890139689482687,-13.615583947821817,0.951219512195122,1.6221859130936966
2CXO J090506.4-322140,136.27712141104064,-32.36127794336999,257.251576,9.7853,16.219,15.347,20.26488096379852,20.325905523010253,20.5107022905159,-13.302666786446048,0.7804878048780488,1.3976269096469418
2CXO J091118.8-645058,137.82846772352298,-64.84947411096432,282.128895,-11.301419,15.21,14.237,20.1094212298584,19.9770360987854,19.76352683075714,-12.952881384419069,0.7804878048780488,1.3392661889901318
2CXO J091251.7-650212,138.21569573504144,-65.03691181967712,282.382843,-11.3054,16.168,15.244,20.407380862758636,20.23050256974411,19.822903562372208,-13.316591809437083,0.8780487804878049,1.36100517893652
2CXO J094607.9-311408,146.53295082130063,-31.23566626882792,262.690213,16.800255,17.43,15.88,20.50903810547352,20.490609615604402,20.257958932361603,-13.794925113033807,0.902439024390244,1.7379491329648582
2CXO J094608.0-310605,146.53341505008564,-31.101692508156468,262.596368,16.899664,16.696,16.123,20.74049723422432,20.597622628414154,20.091077353084565,-13.843778768644862,0.975609756097561,1.7333137108930716
2CXO J095622.8-654234,149.09498069267693,-65.70947367805668,286.20272,-8.697429,16.116,14.691,20.416503650218964,20.663727041481017,19.869636638895035,-13.728051753092041,0.7804878048780488,1.4380500945977894
2CXO J100533.2-340035,151.388486716172,-34.009904672930034,267.829619,17.321875,16.077,15.417,20.63174252474785,20.54484424973297,19.874414741765975,-13.440149809481936,0.951219512195122,1.5177424507065895
2CXO J101804.6-462342,154.51915879141916,-46.395234115401934,277.285959,8.6993,16.592,15.518,20.180847195991515,20.210674091499328,20.5521199345932,-13.720643530000673,0.7804878048780488,1.5994879229955663
2CXO J102737.4-435305,156.9061285562359,-43.8849690370275,277.326351,11.721335,16.787,15.855,20.646837338066103,20.856038309516908,19.93364914205742,-13.504764866205495,0.902439024390244,1.509123414216291
2CXO J103157.5-351821,157.9897219712508,-35.30592637183775,273.282986,19.41226,15.598,15.152,20.554041122574805,20.3131945189724,19.35899422801304,-13.791809359836364,0.926829268292683,1.7674687228280468
2CXO J104143.8-705404,160.43237613495103,-70.90123608678464,292.647383,-10.666296,17.158,16.418,20.354143214788436,20.40410836326599,20.095921463279723,-13.563551009156857,0.902439024390244,1.9446214673221431
2CXO J104833.0-411333,162.13781774981453,-41.22591735103394,279.376725,15.957695,17.401,16.297,20.582184117903708,20.55932835664749,20.13610599525833,-14.079504896799342,0.902439024390244,1.7813273803311105
2CXO J105331.5-402357,163.3812011082855,-40.39923799331288,279.844005,17.127431,15.693,15.107,20.628360613931655,20.343265756275176,19.714477447228433,-14.21481210847223,0.926829268292683,1.6450612014714665
2CXO J105531.6-421226,163.88173103987708,-42.20729493838139,281.047371,15.685922,16.98,16.218,20.39233986467171,20.914800677856444,19.85578214752197,-13.670516033089273,0.8780487804878049,1.9254349287700996
2CXO J105542.9-421506,163.92878869131837,-42.25188613068168,281.10046,15.661638,17.112,15.837,20.642555266893385,20.92908425823784,20.172822107626914,-13.703700864218472,0.8048780487804879,1.5798899765701722
2CXO J110436.1-540055,166.15051629380628,-54.01532601917278,287.543002,5.633394,14.977,14.205,20.04120069881821,19.908655544273376,19.61884298028183,-13.298467838346205,0.7560975609756098,1.4467052527982012
2CXO J120811.0-524903,182.04589688373403,-52.81766078536427,296.330512,9.498788,16.023,15.183,20.569748912748338,20.678543128606798,20.63139612755966,-13.306883814017235,0.902439024390244,1.3735534379423908
2CXO J123326.1-481940,188.35879422901576,-48.32787493170923,299.843684,14.435895,15.189,14.567,20.637098859348296,20.295643015312194,18.950802621285437,-12.879309361226744,0.8292682926829268,1.905855343250585
2CXO J130609.8-492629,196.5407308120308,-49.44148905233299,305.391198,13.359934,15.352,14.672,20.456030959234237,,,-13.779425951344562,0.7317073170731707,1.6623032454458369
2CXO J131541.7-552209,198.92384737094187,-55.369267969510595,306.402311,7.338944,15.587,14.718,19.73742690293121,,,-13.224084180562356,0.7073170731707317,1.4025181217928675
2CXO J132304.0-450430,200.76695282562343,-45.07516366311202,308.776549,17.437338,17.216,16.229,20.66900368227482,21.099467644536972,20.28855517454815,-14.022237130806541,0.8292682926829268,1.732274686827435
2CXO J132519.7-424922,201.33209166283075,-42.82312346846444,309.519511,19.614714,16.429,15.534,20.643316604875565,20.81890342370224,20.054439019560814,-13.347443775564775,0.8536585365853658,1.3258295574799732
2CXO J132549.9-425607,201.45826966286737,-42.93536449377583,309.599965,19.49062,15.325,16.156,20.70828034828377,21.990358134353638,19.571204106681822,-9999.0,0.6585365853658537,3.990849095116078
2CXO J132625.8-431124,201.60760094450168,-43.190095114568166,309.676021,19.222959,16.668,15.683,20.460287119991303,20.396346352577208,20.069416996681213,-13.53861354750503,0.975609756097561,1.5182793161350796
2CXO J133939.6-471151,204.9151604407225,-47.19750184718854,311.375869,14.882084,16.625,15.989,20.545962199907304,20.35920518873787,20.37413411453152,-13.5600680761842,0.926829268292683,1.7751489102321432
2CXO J134525.9-512631,206.3579896066813,-51.441950172196606,311.442216,10.535407,16.458,15.434,20.02160271068573,,19.12464895204544,-12.987369125243887,0.6829268292682927,1.4268801314499446
2CXO J135852.4-473906,209.71839468923997,-47.6518567957312,314.532131,13.695253,16.409,15.854,20.42703693902588,,,-13.733036655645837,0.7073170731707317,1.8838299508330405
2CXO J135946.7-474051,209.9448239260585,-47.68106786588535,314.675309,13.626336,15.375,14.534,20.474893429424284,20.446234110343934,19.114569408186913,-13.451884782723322,0.7560975609756098,2.0454861998749867
2CXO J141036.3-432229,212.65130174004344,-43.37478521658032,317.861502,17.190116,15.629,14.774,20.675321616387368,20.961937896442414,20.051916027510643,-13.733991173703515,1.0,1.5580233970189368
2CXO J141043.9-432124,212.68305058241185,-43.35678583921996,317.890376,17.199908,13.343,11.949,20.716351616387367,20.751955896442414,19.47613302751064,-14.28337977692364,0.8780487804878049,2.0106627931849284
2CXO J141049.9-432832,212.70788209572368,-43.47577717578635,317.86893,17.081315,16.062,15.257,20.657064558612824,20.4546681236887,19.180116761272906,-13.619756798481248,0.975609756097561,2.1329855417653136
2CXO J141951.6-493701,214.96511441946905,-49.61705466228124,317.302063,10.771574,15.113,14.344,20.094491790161133,20.623796339893342,19.47778432920456,-13.363370362373457,0.8048780487804879,1.6807900389226385
2CXO J142025.6-493422,215.10704220337948,-49.57292294132579,317.405427,10.781585,16.043,15.252,20.31520212783432,20.40092152784729,19.214631047180177,-14.19426543124676,0.7560975609756098,1.8592924128842916
2CXO J143234.1-440338,218.1415549193755,-44.061113387686646,321.469769,15.140296,15.663,14.919,20.392239777332307,21.441507056833267,19.58944781553078,-13.563664727785294,0.8780487804878049,3.837351370779806
2CXO J143319.1-441527,218.3299104389364,-44.25750333938272,321.518005,14.906505,16.023,15.247,20.539491043447494,20.39203722918701,19.847551205741883,-14.294927197142789,0.902439024390244,1.6157355278043526
2CXO J144719.1-402630,221.82975972689837,-40.44174585142172,325.639053,17.265486,16.171,15.671,20.422697479720117,20.224974361984252,20.11345913908386,-13.921831130694855,0.8536585365853658,1.689372634247832
2CXO J144834.0-400359,222.14198225482912,-40.06664985242426,326.039934,17.491554,16.964,16.003,20.445290195492746,20.780020001192092,19.98755583443546,-13.477714783934198,0.975609756097561,1.559872488762014
2CXO J150116.8-415916,225.3200205199323,-41.98790751652248,327.285352,14.662224,16.465,16.412,20.48870544108105,20.88673833442688,19.7616932731781,-14.59623896893011,0.7073170731707317,2.1874205905432875
2CXO J150207.0-415126,225.5292011672484,-41.85731998325156,327.491982,14.6986,15.542,14.804,20.554434309380532,20.034303034412385,18.856821787629126,-13.923255362205744,0.8292682926829268,1.7265707503440764
2CXO J150411.1-415258,226.04633675028177,-41.8830265582808,327.823336,14.483827,16.95,16.604,20.692799629247666,21.283940756507874,20.154279756876946,-9999.0,0.8048780487804879,2.352161440927449
2CXO J150411.4-413721,226.04782983786424,-41.62251851673905,327.959846,14.708357,17.553,16.832,20.347718840360642,20.42546256504059,20.07708012602806,-13.930602458054594,0.926829268292683,2.2509531124163265
2CXO J150535.9-433537,226.3998131611222,-43.59388477225364,327.167114,12.87513,16.182,15.093,20.45708107126236,20.725562258255003,19.43454485420227,-12.842903272265165,0.8780487804878049,1.5718807331678701
2CXO J160609.8-274048,241.5412455544667,-27.680160084058137,347.295751,17.971078,15.102,14.253,20.294441555856704,20.256420737319946,19.4640737038517,-12.984507808980371,0.7560975609756098,1.3148433674649056
2CXO J160946.0-644921,242.44205145558865,-64.82275902973304,322.110482,-9.624225,16.305,14.805,20.614074818145752,20.023868676633835,19.78402722000313,-13.425083773333595,0.951219512195122,1.4704504688718072
2CXO J161423.5-605909,243.59807168756595,-60.985934804283794,325.174856,-7.213921,16.193,15.687,20.18622528102493,20.20683547725296,19.557650237819672,-14.221157083198685,0.7317073170731707,1.9524483432509672
2CXO J162831.1-750937,247.13028786692507,-75.16044774493838,315.553346,-17.91887,15.861,15.086,20.61693592288971,20.9000022105484,19.71178741958618,-13.418982546307612,0.975609756097561,1.6882609810669726
2CXO J170234.9-262113,255.64569608586316,-26.353692375460295,356.792771,9.339636,16.464,15.388,19.80791059196472,19.020385005329132,18.56604817967987,-13.529305533303093,0.6585365853658537,1.7551693958871204
2CXO J171820.5-624704,259.5852458926531,-62.784762317785706,328.608347,-14.162706,15.289,14.582,20.58348528274727,20.559203388278963,19.544927436317444,-13.263336412898877,0.8536585365853658,1.5098255088991672
2CXO J172741.9-140609,261.92458517082105,-14.102618400748408,10.450307,11.379697,15.815,15.197,19.46508375124359,19.66774992816925,18.853699763313294,-13.412489848591864,0.7560975609756098,2.0171190535189787
2CXO J173640.1-595150,264.1675221941405,-59.86391406208493,332.359488,-14.545747,16.359,15.598,20.73537181491375,20.342538943325042,19.802594346762657,-13.470648925370789,0.926829268292683,1.543123271070923
2CXO J174052.0-533544,265.2169391236855,-53.595813378392165,338.247137,-11.94173,15.475,14.697,20.37295368402481,,,-13.857715887476223,0.6341463414634146,1.680919786342585
2CXO J175340.9-605309,268.42049509705566,-60.88582932759294,332.430536,-16.881714,15.051,14.19,20.663579909200667,20.936520521915437,21.276860324004172,-13.542582604883998,0.7804878048780488,1.6202512676541907
2CXO J175921.7+061235,269.84059330164155,6.209922291996831,32.586082,14.39691,15.983,14.93,20.335077276927947,20.062376441719056,20.193084841014862,-12.994045903568312,0.902439024390244,0.9614831904897432
2CXO J180436.5+015858,271.1523896566207,1.9828670296181123,29.325829,11.318066,16.06,15.665,20.1391677976799,20.567606740997313,19.332683231536866,-13.580538104449973,0.6585365853658537,2.3564701010335893
2CXO J180507.3+105827,271.28082397863705,10.97429067609206,37.662008,15.198887,16.647,15.633,20.49432748182869,20.838285111335754,20.008243032505987,-13.74840730127394,0.902439024390244,1.8488517828785833
2CXO J180530.4+110149,271.3770520964954,11.030316537126,37.756399,15.137555,16.498,15.647,20.60187709228325,20.418311060035705,19.9646377072258,-13.852972711508812,0.902439024390244,1.59183907558865
2CXO J181344.1+181443,273.43386952457024,18.24532477790604,45.432853,16.330957,15.576,14.184,18.919890656448363,19.00531809724808,18.531907237081526,-13.083015755954072,0.951219512195122,1.2478308082216945
2CXO J181353.0-574356,273.47072435083567,-57.73242153193968,336.549457,-17.941908,16.369,15.476,20.65288190500641,20.76018735878372,20.032112883419035,-13.810732482930367,0.8780487804878049,1.4898948835578445
2CXO J181855.4+142756,274.7311734730181,14.465729181054616,42.401825,13.635927,16.183,15.437,19.462335223300933,19.720096294555663,18.61403233415985,-13.83399433483953,0.7560975609756098,2.0447630243261834
2CXO J182540.6+301747,276.4194848974837,30.2965064012586,58.191131,18.434634,16.853,15.428,20.588877284143447,20.570168393754958,19.941503921659468,-13.002432876948307,0.975609756097561,1.061734063059911
2CXO J183118.8+290056,277.8283399001208,29.01569662498591,57.417072,16.823702,16.392,15.61,20.297313147518157,20.050792550483703,19.67809885936737,-13.34996905769135,0.951219512195122,1.0659970917604362
2CXO J183135.4-341106,277.8976706089429,-34.18516011511033,0.054933,-11.100245,14.506,13.896,20.482835117715837,,,-13.123291627803411,0.6585365853658537,1.404079474264892
2CXO J183148.7-341013,277.95297423153545,-34.17036106156584,0.088531,-11.135251,14.95,14.668,20.395915617015838,,,-14.079156852491398,0.6829268292682927,1.797663965581715
2CXO J183236.7-340403,278.15298325867195,-34.0676230062643,0.255359,-11.241029,16.611,15.899,20.278733309732438,19.84915687500763,19.03754001609993,-13.65829610176398,0.8048780487804879,2.0199662483422554
2CXO J183547.3+325505,278.9470866143498,32.91821991354762,61.580649,17.38409,16.116,15.442,20.78894271696663,21.23482329382992,20.260074822356223,-14.05581661299185,1.0,1.6677740971087647
2CXO J184240.7-322246,280.66965671200444,-32.37959586662749,2.723629,-12.443213,15.83,15.587,20.522524218244552,,,-13.483852028529672,0.6829268292682927,1.673344936934129
2CXO J184259.3+404245,280.7471867035872,40.71256060190059,69.785408,18.801272,17.214,16.197,20.75056849325371,20.816342862991334,19.943192965026856,-13.300099344427016,1.0,1.6253360092770461
2CXO J184347.0-482451,280.94583998437474,-48.41440319848091,347.400611,-18.743616,15.42,14.805,20.716495829883577,20.550850832595824,19.021279042256356,-13.242698275707461,0.8536585365853658,2.2963809450159705
2CXO J184935.8+182907,282.3995160871692,18.485582743225436,49.30923,8.705342,14.887,13.961,20.06454252922821,20.600541028862,19.216237933719636,-13.202338449706511,0.7073170731707317,1.968674367915279
2CXO J185020.4-265309,282.5851412112048,-26.885838960083603,8.541016,-11.677435,17.018,16.087,20.096731842918395,20.77985488962555,20.140579279367447,-14.257085725387737,0.7317073170731707,2.0941796032637088
2CXO J185325.4+473850,283.35622654368717,47.64744033578629,77.361187,19.376848,16.077,15.292,20.601821977696417,20.465602730205536,20.278342759563447,-13.361430849323941,1.0,0.8820568687887422
2CXO J185445.4-302511,283.68955656384344,-30.41984631409185,5.637475,-14.004482,15.551,15.488,20.34410165858078,20.299895063470842,19.92122947289753,-13.889513319618846,0.6585365853658537,1.69693687745176
2CXO J185612.9-370906,284.0541944109483,-37.15199228366002,359.307999,-16.86832,14.781,14.034,20.07427152893257,19.7083378989048,18.526900375609397,-12.708456937599708,0.7804878048780488,1.4583475767662053
2CXO J185819.8+380043,284.58258661587377,38.012216862303106,68.294196,15.053659,16.669,15.883,20.751303062422753,21.68409605395317,19.956113320524217,-13.232869532254776,0.951219512195122,2.189403446617668
2CXO J190109.1-174444,285.2879251605466,-17.745708993303484,18.05052,-10.072642,16.28,15.348,19.954306388313295,,,-13.298096152164533,0.7560975609756098,1.5101208461771767
2CXO J190606.6+400539,286.5275669952092,40.094357421519824,70.888287,14.484534,16.94,15.906,20.423011776172636,20.37543196793747,19.669077228982925,-14.01543305764457,0.8536585365853658,1.7605024050038511
2CXO J190813.5+384907,287.0565009042866,38.818614157992094,69.854285,13.596795,17.315,16.167,20.518766721139908,20.991294938213347,20.06712795856285,-13.673891835048853,0.7804878048780488,1.8096789330109837
2CXO J190853.4+504530,287.22286558723124,50.758546343767705,81.363616,18.078495,17.137,16.063,20.774264106786728,21.148600350999832,20.691837003614424,-13.728316409221542,1.0,1.5505852533893936
2CXO J190927.6-374527,287.3652846460395,-37.75765833940791,359.687219,-19.541327,16.835,15.796,20.06788753417206,20.45360265961075,19.759901612895966,-13.954409793418804,0.6829268292682927,1.7084000681830196
2CXO J190945.8+493107,287.44124269487656,49.51875510459845,80.203653,17.498195,17.203,17.103,20.830501952804564,20.942302769762993,19.31674224233341,-15.027457619853523,0.7560975609756098,3.726498746708076
2CXO J191035.1+445145,287.64666633636193,44.86273788348408,75.763113,15.605401,16.226,15.329,20.791645831115723,20.696017865159035,20.214563153679848,-13.533247601278383,1.0,1.2072753542676127
2CXO J191041.0+445544,287.67111024564826,44.929062376880346,75.833537,15.615319,16.794,16.129,20.78274281783867,20.85479553820801,20.37577279632902,-13.754232901895852,0.975609756097561,1.398743409060077
2CXO J191045.9+450022,287.6915143062952,45.00616095647392,75.913103,15.632085,16.621,15.832,20.659109410561562,20.37978507751942,20.139497459159852,-14.064708825755218,1.0,1.390036079311624
2CXO J191143.2+494641,287.9300752930384,49.77815112245403,80.578736,17.299816,16.315,16.125,20.644605966308593,,,-13.782331932854833,0.7804878048780488,1.971964692139193
2CXO J191438.3-212649,288.65985297259886,-21.446999025020556,15.964756,-14.503707,16.142,15.578,20.082649459501265,20.827893036146165,20.805769755681993,-13.736742136070117,0.902439024390244,2.3068144684906087
2CXO J191546.7-241512,288.9449277393385,-24.25357646998688,13.405574,-15.862428,16.677,15.541,20.30975762948227,20.543219275314332,19.567241739696502,-13.832207065600851,0.902439024390244,1.7399856350530396
2CXO J191717.0-332752,289.3209343337785,-33.4646506886484,4.545146,-19.572006,16.748,15.901,20.765215436356545,21.14847136622429,20.362793637514116,-13.321175969202935,1.0,1.374065071073686
2CXO J192123.2+375701,290.3469133494194,37.95042507377753,70.166549,10.892726,16.503,15.846,20.485009273197175,20.24418200366974,20.205921618144988,-13.931490720895997,0.926829268292683,1.737524368190509
2CXO J192123.9+435311,290.34999342947594,43.8866145174337,75.650588,13.443456,16.652,15.648,20.62739153157997,20.537236854961396,19.97619847691822,-13.819092221800872,0.975609756097561,1.4588147235254507
2CXO J194024.3+603831,295.1016495823635,60.64211223796349,92.728655,17.752323,16.171,15.196,20.478835419315338,20.645982218616485,19.779995446694375,-13.727515319235703,1.0,1.367552499140439
2CXO J194317.1+503955,295.8214989694784,50.66530118389365,83.57667,13.070453,16.397,15.989,20.717720633274077,21.427237843946457,19.79368464858627,-13.4026079935549,0.7804878048780488,3.2335293412605592
2CXO J195216.8-011924,298.07037642003274,-1.3236055751446596,38.793998,-14.121511,17.108,16.266,20.170396307762147,20.598252658992767,19.957324870552064,-13.6138044339242,0.8048780487804879,1.598231630809494
2CXO J195246.2+022524,298.1928051409143,2.4233912665469166,42.2502,-12.465518,16.856,16.108,20.164344477882384,20.537444675922394,19.696349040254592,-13.996660953596077,0.8780487804878049,1.8250372154871983
2CXO J200257.5+054751,300.73964357041075,5.797623905942711,46.538922,-13.049429,15.964,15.594,20.63946598298836,,,-13.2554378298729,0.6829268292682927,1.5546302137147967
2CXO J200258.7+055039,300.74496157754766,5.8442182386843795,46.583187,-13.031007,15.583,14.794,20.537350951005937,20.698815344888686,18.855858368670464,-13.606972150314807,0.8292682926829268,3.5368053780285464
2CXO J201820.1+114025,304.583917823124,11.673795025693725,53.719952,-13.317408,16.047,15.32,20.323114790073394,20.295367208557128,19.821352052597046,-13.494421981687161,0.926829268292683,1.0141162620932296
2CXO J201821.0+114220,304.5876896844479,11.705543750373636,53.749671,-13.3038,17.214,16.495,20.432356666410445,20.844532327754976,20.528652480028153,-13.944128187013643,0.8292682926829268,2.1784168355880666
2CXO J201853.1+114103,304.7215610628125,11.684295803838085,53.802237,-13.426361,15.871,14.985,20.321870450771332,20.28813368554306,19.74386380453491,-13.746484369823417,0.8780487804878049,1.4517915391627165
2CXO J202215.8+100612,305.5658962002242,10.103455220955688,52.868258,-14.964753,16.579,15.32,20.436831590688705,20.062737321403503,20.243891331281663,-13.619133122156208,0.8780487804878049,1.3917720859721563
2CXO J202217.8+074245,305.57427790782367,7.712517426981961,50.756807,-16.222055,16.314,15.202,20.51099365471649,20.508118327718734,19.80730510593605,-13.77673361076274,0.975609756097561,1.0949491475230768
2CXO J202317.4+075020,305.8228982979349,7.839003760401789,51.002716,-16.366861,17.559,16.784,20.609972798614503,20.777580914421083,19.974572101154326,-13.589286387469274,0.8536585365853658,2.068987834014978
2CXO J203348.7+065116,308.45309001062446,6.854494429245005,51.557314,-19.10454,17.008,15.92,20.7304475878067,21.34530578134155,20.32922518291664,-13.642838228379512,0.902439024390244,1.8051363393022464
2CXO J203414.0+064924,308.55841564536286,6.823464537081726,51.58785,-19.20974,17.387,16.684,20.605080091169356,20.85106538516712,20.327158916726113,-14.257689639757814,0.8780487804878049,2.39542591955583
2CXO J203438.2+064905,308.65942844023084,6.818055634065231,51.639103,-19.29776,16.891,16.312,20.604042079585074,20.517766123332976,19.47734693708706,-13.95905608278715,0.951219512195122,2.256316736383804
2CXO J204638.2+105933,311.6591929110273,10.992648342400251,57.062176,-19.507841,15.595,15.048,20.566178119916916,20.622389823080063,20.39050968687153,-13.666140887050604,0.975609756097561,1.5646327516844278
2CXO J204653.4+110022,311.7226663926243,11.006248683780456,57.111256,-19.551745,17.18,16.636,20.724715633008955,20.447735182561875,20.06997404616356,-14.135677255921987,0.951219512195122,2.0735341330949146
2CXO J205554.4+253633,313.9770000972753,25.609409495171622,70.65556,-12.571979,16.116,14.999,20.355919190483093,19.79516901548004,19.83155112033844,-13.183886127126728,0.8292682926829268,0.8326872590734152
2CXO J205614.4+301458,314.05995295366824,30.2496509927763,74.374567,-9.70395,16.598,15.667,20.359063732822417,20.33944190174484,19.81677311635685,-13.34390106272244,1.0,1.4289742025461223
2CXO J205722.7+170130,314.3448956565853,17.02523270935887,63.846905,-18.116191,15.724,14.946,20.682419099648477,20.43496741611862,20.88284158913517,-13.811629008085921,0.975609756097561,1.1344494108838543
2CXO J224237.6+444730,340.65682665567033,44.79185545172486,100.158181,-12.308954,15.514,14.255,20.548250329351426,20.68012410187912,19.75439291283989,-13.59933782670658,0.8292682926829268,0.8746260539933853
2CXO J230232.8+551135,345.6369988547559,55.193333584392384,107.749124,-4.4359,16.446,15.6,19.599142081214904,20.282958669548034,19.44958673286438,-13.801526141430994,0.7317073170731707,2.344701110737983
2CXO J232544.2+422811,351.43433587129766,42.46968223805527,106.506849,-17.652296,16.803,16.02,20.601422148693086,20.24092042484665,20.554408316353797,-13.969199407150336,0.926829268292683,1.5027356638243925
2CXO J234613.3+531929,356.5555487596296,53.32478420242235,113.175878,-8.307135,15.925,15.197,19.968169308166505,19.596053960380555,19.658065839038848,-13.41605568565194,0.8536585365853658,1.0701492660248697
2CXO J235527.0+800342,358.86316610413746,80.06181123798434,120.423943,17.463761,17.289,16.233,20.235220734279633,19.765640263202666,19.628576510231017,-13.871967977895515,0.7073170731707317,2.1575399058411584
